1	äàà	äà	PART	_	@ko1985f-words#@ko1985f#557.742#558.682							
2	ãìì	ãìì	INTJ	_	@ko1985f-words#@ko1985f#559.15#559.73							
3	ìì	ìì	INTJ	_	@ko1985f-words#@ko1985f#560.54#560.99							
4	ýòî	ýòî	PRON	_	@ko1985f-words#@ko1985f#561.49#561.87							
5	òîæå	òîæå	CCONJ	_	@ko1985f-words#@ko1985f#561.87#562.25							
6	òàêîå	òàêîé	DET	Case=Nom|Gender=Neut|Number=Sing	@ko1985f-words#@ko1985f#562.25#562.63							
7	òî	òî	PRON	_	@ko1985f-words#@ko1985f#562.64#562.993							
8	÷òî	÷òî	SCONJ	_	@ko1985f-words#@ko1985f#562.993#563.346							
9	óäèâëÿåò	óäèâëÿòü	VERB	Aspect=Imp|Mood=Ind|Number=Sing|Person=3|Tense=Pres|VerbForm=Fin|Voice=Act	@ko1985f-words#@ko1985f#563.346#563.7							
10	ïîäïèñ÷èêîâ	ïîäïèñ÷èê	NOUN	Animacy=Anim|Case=Acc|Gender=Masc|Number=Plur	@ko1985f-words#@ko1985f#563.715#564.42							
11	î÷åíü	î÷åíü	ADV	Degree=Pos	@ko1985f-words#@ko1985f#564.42#564.85							
12	ñèëüíî	ñèëüíî	ADV	Degree=Pos	@ko1985f-words#@ko1985f#564.85#565.28							
13	÷òî	÷òî	SCONJ	_	@ko1985f-words#@ko1985f#565.91#566.31							
14	ýý	ýý	INTJ	_	@ko1985f-words#@ko1985f#566.32#566.77							
15	íàø	íàø	DET	Case=Acc|Gender=Masc|Number=Sing	@ko1985f-words#@ko1985f#566.77#567.08							
16	êîíòåíò	êîíòåíò	NOUN	Animacy=Inan|Case=Nom|Gender=Masc|Number=Sing	@ko1985f-words#@ko1985f#567.08#567.39							
17	îí	îí	PRON	Case=Nom|Gender=Masc|Number=Sing|Person=3	@ko1985f-words#@ko1985f#567.39#567.853							
18	÷àñòî	÷àñòî	ADV	Degree=Pos	@ko1985f-words#@ko1985f#567.853#568.316							
19	âîñåìíàäöàòü	âîñåìíàäöàòü	NUM	Case=Nom	@ko1985f-words#@ko1985f#568.316#568.779							
20	ïëþñ	ïëþñ	PART	_	@ko1985f-words#@ko1985f#568.779#569.245							
21	òàì	òàì	ADV	Degree=Pos	@ko1985f-words#@ko1985f#569.245#569.592							
22	åñòü	áûòü	VERB	Aspect=Imp|Mood=Ind|Number=Sing|Person=3|Tense=Pres|VerbForm=Fin|Voice=Act	@ko1985f-words#@ko1985f#569.592#569.94							
23	ñåêñ	ñåêñ	NOUN	Animacy=Inan|Case=Acc|Gender=Masc|Number=Sing	@ko1985f-words#@ko1985f#569.94#570.423							
24	íàðêîòèêè	íàðêîòèê	NOUN	Animacy=Inan|Case=Acc|Gender=Masc|Number=Plur	@ko1985f-words#@ko1985f#570.423#570.906							
25	íàñèëèå	íàñèëèå	NOUN	Animacy=Inan|Case=Acc|Gender=Neut|Number=Sing	@ko1985f-words#@ko1985f#570.906#571.39							
26	èè	è	CCONJ	_	@ko1985f-words#@ko1985f#571.39#571.98							
27	ìàò	ìàò	NOUN	Animacy=Inan|Case=Acc|Gender=Masc|Number=Sing	@ko1985f-words#@ko1985f#571.98#572.57							
28	ýý	ýý	INTJ	_	@ko1985f-words#@ko1985f#572.57#573.787							
29	äî	äî	ADP	_	@ko1985f-words#@ko1985f#573.787#574.397							
30	ý	ý	INTJ	_	@ko1985f-words#@ko1985f#574.397#574.851							
31	ðàçâîäà	ðàçâîä	NOUN	Animacy=Inan|Case=Gen|Gender=Masc|Number=Sing	@ko1985f-words#@ko1985f#574.851#575.305							
32	ìû	ìû	PRON	Case=Nom|Number=Plur|Person=1	@ko1985f-words#@ko1985f#575.305#575.759							
33	îçâó÷èâàëè	îçâó÷èâàòü	VERB	Aspect=Imp|Mood=Ind|Number=Plur|Tense=Past|VerbForm=Fin|Voice=Act	@ko1985f-words#@ko1985f#575.759#576.213							
34	äîìà	äîìà	ADV	_	@ko1985f-words#@ko1985f#576.213#576.667							
35	è	è	CCONJ	_	@ko1985f-words#@ko1985f#576.667#576.989							
36	Ò¸ìà	Ò¸ìà	PROPN	Animacy=Anim|Case=Nom|Gender=Masc|Number=Sing	@ko1985f-words#@ko1985f#576.989#577.312							
37	íó	íó	PART	_	@ko1985f-words#@ko1985f#577.312#577.553							
38	ïîëó÷àåòñÿ	ïîëó÷àòüñÿ	VERB	Aspect=Imp|Mood=Ind|Number=Sing|Person=3|Tense=Pres|VerbForm=Fin|Voice=Mid	@ko1985f-words#@ko1985f#577.553#577.794							
39	ýòî	ýòî	PRON	_	@ko1985f-words#@ko1985f#577.794#578.035							
40	äî	äî	ADP	_	@ko1985f-words#@ko1985f#578.035#578.276							
41	åãî	åãî	DET	Case=Gen|Gender=Masc|Number=Sing|Person=3	@ko1985f-words#@ko1985f#578.276#578.517							
42	òð¸õ	òðè	NUM	Case=Gen	@ko1985f-words#@ko1985f#578.517#578.758							
43	ëåò	ãîä	NOUN	Animacy=Inan|Case=Gen|Gender=Masc|Number=Plur	@ko1985f-words#@ko1985f#578.758#579.0							
44	îí	îí	PRON	Case=Nom|Gender=Masc|Number=Sing|Person=3	@ko1985f-words#@ko1985f#579.0#579.271							
45	äîìà	äîìà	ADV	_	@ko1985f-words#@ko1985f#579.271#579.542							
46	â	â	PART	_	@ko1985f-words#@ko1985f#579.542#579.813							
47	ïðèíöèïå	ïðèíöèï	PART	_	@ko1985f-words#@ko1985f#579.813#580.084							
48	ñëûøàë	ñëûøàòü	VERB	Aspect=Imp|Gender=Masc|Mood=Ind|Number=Sing|Tense=Past|VerbForm=Fin|Voice=Act|Person=3	@ko1985f-words#@ko1985f#580.084#580.355							
49	êàê	êàê	SCONJ	_	@ko1985f-words#@ko1985f#580.355#580.626							
50	èç	èç	ADP	_	@ko1985f-words#@ko1985f#580.626#580.897							
51	ñîñåäíåé	ñîñåäíèé	ADJ	Case=Gen|Degree=Pos|Gender=Fem|Number=Sing	@ko1985f-words#@ko1985f#580.897#581.168							
52	êîìíàòû	êîìíàòà	NOUN	Animacy=Inan|Case=Gen|Gender=Fem|Number=Sing	@ko1985f-words#@ko1985f#581.168#581.439							
53	êòî-íèáóäü	êòî-íèáóäü	PRON	Case=Nom	@ko1985f-words#@ko1985f#581.439#581.71							
54	îð¸ò	îðàòü	VERB	Aspect=Imp|Mood=Ind|Number=Sing|Person=3|Tense=Pres|VerbForm=Fin|Voice=Act	@ko1985f-words#@ko1985f#581.71#581.99							
55	èëè	èëè	CCONJ	_	@ko1985f-words#@ko1985f#581.99#582.495							
56	ìàòåðèòñÿ	ìàòåðèòüñÿ	VERB	Aspect=Imp|Mood=Ind|Number=Sing|Person=3|Tense=Pres|VerbForm=Fin|Voice=Mid	@ko1985f-words#@ko1985f#582.495#583.0							
57	íî	íî	CCONJ	_	@ko1985f-words#@ko1985f#583.38#583.72							
58	ïðè	ïðè	ADP	_	@ko1985f-words#@ko1985f#583.72#584.06							
59	ýòîì	ýòî	PRON	Animacy=Inan|Case=Loc|Gender=Neut|Number=Sing	@ko1985f-words#@ko1985f#584.06#584.4							
60	ý	ý	INTJ	_	@ko1985f-words#@ko1985f#584.4#585.33							
61	â	â	ADP	_	@ko1985f-words#@ko1985f#585.33#585.552							
62	îáû÷íîé	îáû÷íûé	ADJ	Case=Loc|Degree=Pos|Gender=Fem|Number=Sing	@ko1985f-words#@ko1985f#585.552#585.774							
63	æèçíè	æèçíü	NOUN	Animacy=Inan|Case=Loc|Gender=Fem|Number=Sing	@ko1985f-words#@ko1985f#585.774#585.996							
64	ìû	ìû	PRON	Case=Nom|Number=Plur|Person=1	@ko1985f-words#@ko1985f#585.996#586.218							
65	äðóã	äðóã	NOUN	Animacy=Anim|Case=Nom|Gender=Masc|Number=Sing	@ko1985f-words#@ko1985f#586.218#586.44							
66	ñ	ñ	ADP	_	@ko1985f-words#@ko1985f#586.44#586.662							
67	äðóãîì	äðóã	NOUN	Animacy=Anim|Case=Ins|Gender=Masc|Number=Sing	@ko1985f-words#@ko1985f#586.662#586.89							
68	è	è	CCONJ	_	@ko1985f-words#@ko1985f#586.89#587.037							
69	ÿ	ÿ	PRON	Case=Nom|Number=Sing|Person=1	@ko1985f-words#@ko1985f#587.037#587.184							
70	ñ	ñ	ADP	_	@ko1985f-words#@ko1985f#587.184#587.331							
71	íèì	íèì	PRON	Case=Ins|Number=Sing|Person=3	@ko1985f-words#@ko1985f#587.331#587.48							
72	íó	íó	PART	_	@ko1985f-words#@ko1985f#587.48#587.764							
73	òî	òî	ADV	_	@ko1985f-words#@ko1985f#587.764#588.048							
74	åñòü	áûòü	ADV	_	@ko1985f-words#@ko1985f#588.048#588.332							
75	íå	íå	PART	_	@ko1985f-words#@ko1985f#588.332#588.616							
76	ðàçãîâàðèâàëè	ðàçãîâàðèâàòü	VERB	Aspect=Imp|Mood=Ind|Number=Plur|Tense=Past|VerbForm=Fin|Voice=Act	@ko1985f-words#@ko1985f#588.616#588.9							
77	ìàòîì	ìàò	NOUN	Animacy=Inan|Case=Ins|Gender=Masc|Number=Sing	@ko1985f-words#@ko1985f#588.9#589.185							
78	ÿ	ÿ	PRON	Case=Nom|Number=Sing|Person=1	@ko1985f-words#@ko1985f#589.185#589.7							
79	ñ	ñ	ADP	_	@ko1985f-words#@ko1985f#589.7#590.02							
80	íèì	îí	PRON	Case=Ins|Gender=Masc|Number=Sing|Person=3	@ko1985f-words#@ko1985f#590.02#590.34					?		
81	íå	íå	PART	_	@ko1985f-words#@ko1985f#590.34#590.773							
82	ðàçãîâàðèâàþ	ðàçãîâàðèâàòü	VERB	Aspect=Imp|Mood=Ind|Number=Sing|Person=1|Tense=Pres|VerbForm=Fin|Voice=Act	@ko1985f-words#@ko1985f#590.773#591.206							
83	ìàòîì	ìàò	NOUN	Animacy=Inan|Case=Ins|Gender=Masc|Number=Sing	@ko1985f-words#@ko1985f#591.206#591.64							
84	ìîè	ìîé	DET	Case=Nom|Number=Plur	@ko1985f-words#@ko1985f#591.645#591.901							
85	äðóçüÿ	äðóã	NOUN	Animacy=Anim|Case=Nom|Gender=Masc|Number=Plur	@ko1985f-words#@ko1985f#591.901#592.157							
86	ïðè	ïðè	ADP	_	@ko1985f-words#@ko1985f#592.157#592.413							
87	í¸ì	îí	PRON	Case=Loc|Gender=Masc|Number=Sing|Person=3	@ko1985f-words#@ko1985f#592.413#592.669					?		
88	òîæå	òîæå	CCONJ	_	@ko1985f-words#@ko1985f#592.669#592.925							
89	ïî-ìîåìó	ïî-ìîåìó	ADV	_	@ko1985f-words#@ko1985f#592.925#593.181							
90	íå	íå	PART	_	@ko1985f-words#@ko1985f#593.181#593.437							
91	ìàòåðÿòñÿ	ìàòåðèòüñÿ	VERB	Aspect=Imp|Mood=Ind|Number=Plur|Person=3|Tense=Fut|VerbForm=Fin|Voice=Mid	@ko1985f-words#@ko1985f#593.437#593.7							
92	è	è	CCONJ	_	@ko1985f-words#@ko1985f#593.7#594.25							
93	ýý	ýý	INTJ	_	@ko1985f-words#@ko1985f#594.25#594.8							
94	â	â	PART	_	@ko1985f-words#@ko1985f#594.8#595.445							
95	èòîãå	èòîã	PART	_	@ko1985f-words#@ko1985f#595.445#596.09							
96	îí	îí	PRON	Case=Nom|Gender=Masc|Number=Sing|Person=3	@ko1985f-words#@ko1985f#596.09#596.46							
97	íå	íå	PART	_	@ko1985f-words#@ko1985f#596.46#596.83							
98	ìàòåðèòñÿ	ìàòåðèòüñÿ	VERB	Aspect=Imp|Mood=Ind|Number=Sing|Person=3|Tense=Fut|VerbForm=Fin|Voice=Mid	@ko1985f-words#@ko1985f#596.83#597.2							
99	è	è	CCONJ	_	@ko1985f-words#@ko1985f#597.2#597.666							
100	ñåé÷àñ	ñåé÷àñ	ADV	_	@ko1985f-words#@ko1985f#597.666#598.132							
101	ã	ã	INTJ	_	@ko1985f-words#@ko1985f#598.132#598.6							
102	åñëè	åñëè	SCONJ	_	@ko1985f-words#@ko1985f#598.6#598.858							
103	ÿ	ÿ	PRON	Case=Nom|Number=Sing|Person=1	@ko1985f-words#@ko1985f#598.858#599.116							
104	íàïðèìåð	íàïðèìåð	ADV	_	@ko1985f-words#@ko1985f#599.116#599.374							
105	ðàçãîâàðèâàþ	ðàçãîâàðèâàòü	VERB	Aspect=Imp|Mood=Ind|Number=Sing|Person=1|Tense=Pres|VerbForm=Fin|Voice=Act	@ko1985f-words#@ko1985f#599.374#599.632							
106	ñ	ñ	ADP	_	@ko1985f-words#@ko1985f#599.632#599.89							
107	ïîäðóãîé	ïîäðóãà	NOUN	Animacy=Anim|Case=Ins|Gender=Fem|Number=Sing	@ko1985f-words#@ko1985f#599.89#600.148					?		
108	ãîâîðþ	ãîâîðèòü	VERB	Aspect=Imp|Mood=Ind|Number=Sing|Person=1|Tense=Pres|VerbForm=Fin|Voice=Act	@ko1985f-words#@ko1985f#600.148#600.41							
109	äà	äà	PART	_	@ko1985f-words#@ko1985f#600.41#600.658							
110	òàì	òàì	ADV	_	@ko1985f-words#@ko1985f#600.658#600.906							
111	æîïà	æîïà	NOUN	Animacy=Inan|Case=Acc|Gender=Fem|Number=Sing	@ko1985f-words#@ko1985f#600.906#601.154							
112	êàêàÿ-òî	êàêîé-òî	DET	Case=Nom|Gender=Fem|Number=Sing	@ko1985f-words#@ko1985f#601.154#601.405							
113	îí	îí	PRON	Case=Nom|Gender=Masc|Number=Sing|Person=3	@ko1985f-words#@ko1985f#601.405#601.567							
114	òàì	òàì	ADV	_	@ko1985f-words#@ko1985f#601.567#601.73							
115	ìàìàà	ìàìà	NOUN	Animacy=Anim|Case=Voc|Gender=Fem|Number=Sing	@ko1985f-words#@ko1985f#601.73#602.395							
116	òèïà	òèïà	PART	_	@ko1985f-words#@ko1985f#602.395#602.793							
117	÷òî	÷òî	SCONJ	_	@ko1985f-words#@ko1985f#602.793#603.191							
118	ñëîâî	ñëîâî	NOUN	Animacy=Inan|Case=Nom|Gender=Neut|Number=Sing	@ko1985f-words#@ko1985f#603.191#603.589							
119	æîïà	æîïà	NOUN	Animacy=Inan|Case=Nom|Gender=Fem|Number=Sing	@ko1985f-words#@ko1985f#603.589#603.99							
120	ýòî	ýòî	PART	_	@ko1985f-words#@ko1985f#603.99#604.326							
121	òó	ñëèøêîì	X	Foreign=too	@ko1985f-words#@ko1985f#604.326#604.662							
122	ìà÷	ñèëüíî	X	Foreign=much	@ko1985f-words#@ko1985f#604.662#605.0					?		
123	ýý	ýý	INTJ	_	@ko1985f-words#@ko1985f#605.0#605.86					?		
124	#ñìå¸òñÿ#	#ñìå¸òñÿ#	VERB	_	@ko1985f-words#@ko1985f#605.86#606.33							
125	íî	íî	CCONJ	_	@ko1985f-words#@ko1985f#606.33#607.02							
126	ýì	ýý	INTJ	_	@ko1985f-words#@ko1985f#607.02#608.41							
127	ãîä	ãîä	NOUN	Animacy=Inan|Case=Acc|Gender=Masc|Number=Sing	@ko1985f-words#@ko1985f#608.41#608.807							
128	íàçàä	íàçàä	ADV	_	@ko1985f-words#@ko1985f#608.807#609.204							
129	ìû	ìû	PRON	Case=Nom|Number=Plur|Person=1	@ko1985f-words#@ko1985f#609.204#609.601							
130	îçâó÷èâàëè	îçâó÷èâàòü	VERB	Aspect=Imp|Mood=Ind|Number=Plur|Tense=Past|VerbForm=Fin|Voice=Act	@ko1985f-words#@ko1985f#609.601#609.998							
131	ñåðèàë	ñåðèàë	NOUN	Animacy=Inan|Case=Acc|Gender=Masc|Number=Sing	@ko1985f-words#@ko1985f#609.998#610.395							
132	Âèäîèçìåí¸ííûé	Âèäîèçìåí¸ííûé	PROPN	Animacy=Inan|Case=Nom|Degree=Pos|Gender=Masc|Number=Sing	@ko1985f-words#@ko1985f#610.395#610.792							
133	óãëåðîä	óãëåðîä	PROPN	Animacy=Inan|Case=Nom|Gender=Masc|Number=Sing	@ko1985f-words#@ko1985f#610.792#611.19							
134	ý	ý	INTJ	_	@ko1985f-words#@ko1985f#611.19#612.15							
135	îí	îí	PRON	Case=Nom|Gender=Masc|Number=Sing|Person=3	@ko1985f-words#@ko1985f#612.15#612.6							
136	æ¸ñòêèé	æ¸ñòêèé	ADJ	Case=Nom|Degree=Pos|Gender=Masc|Number=Sing	@ko1985f-words#@ko1985f#612.6#613.05							
137	ÿ	ÿ	PRON	Case=Nom|Number=Sing|Person=1	@ko1985f-words#@ko1985f#613.05#613.635							
138	èè	è	CCONJ	_	@ko1985f-words#@ko1985f#613.635#614.22							
139	ìíå	ÿ	PRON	Case=Dat|Number=Sing|Person=1	@ko1985f-words#@ko1985f#614.22#614.507							
140	òàê	òàê	ADV	_	@ko1985f-words#@ko1985f#614.507#614.794							
141	ñèëüíî	ñèëüíî	ADV	Degree=Pos	@ko1985f-words#@ko1985f#614.794#615.081							
142	ïîíðàâèëàñü	ïîíðàâèòüñÿ	VERB	Aspect=Perf|Gender=Fem|Mood=Ind|Number=Sing|Tense=Past|VerbForm=Fin|Voice=Mid	@ko1985f-words#@ko1985f#615.081#615.368							
143	ïåðâàÿ	ïåðâûé	NUM	Case=Nom|Degree=Pos|Gender=Fem|Number=Sing	@ko1985f-words#@ko1985f#615.368#615.655							
144	ñåðèÿ	ñåðèÿ	NOUN	Animacy=Inan|Case=Acc|Gender=Fem|Number=Sing	@ko1985f-words#@ko1985f#615.655#615.945							
145	÷òî	÷òî	SCONJ	_	@ko1985f-words#@ko1985f#615.945#616.201							
146	ÿ	ÿ	PRON	Case=Nom|Number=Sing|Person=1	@ko1985f-words#@ko1985f#616.201#616.457							
147	ïðèøëà	ïðèéòè	VERB	Aspect=Perf|Gender=Fem|Mood=Ind|Number=Sing|Tense=Past|VerbForm=Fin|Voice=Act	@ko1985f-words#@ko1985f#616.457#616.715							
148	äîìîé	äîìîé	ADV	_	@ko1985f-words#@ko1985f#616.72#617.55							
149	è	è	CCONJ	_	@ko1985f-words#@ko1985f#617.55#617.97							
150	âêëþ÷èëà	âêëþ÷èòü	VERB	Aspect=Perf|Gender=Fem|Mood=Ind|Number=Sing|Tense=Past|VerbForm=Fin|Voice=Act	@ko1985f-words#@ko1985f#617.97#618.23							
151	å¸	îíà	PRON	Animacy=Inan|Case=Acc|Gender=Neut|Number=Sing	@ko1985f-words#@ko1985f#618.23#618.49							
152	è	è	CCONJ	_	@ko1985f-words#@ko1985f#618.49#618.75							
153	íà÷àëà	íà÷àòü	VERB	Aspect=Perf|Gender=Fem|Mood=Ind|Number=Sing|Tense=Past|VerbForm=Fin|Voice=Act	@ko1985f-words#@ko1985f#618.75#619.01							
154	ñìîòðåòü	ñìîòðåòü	VERB	Aspect=Imp|VerbForm=Inf|Voice=Act	@ko1985f-words#@ko1985f#619.01#619.27							
155	è	è	CCONJ	_	@ko1985f-words#@ko1985f#619.27#619.742							
156	òóò	òóò	ADV	_	@ko1985f-words#@ko1985f#619.742#620.214							
157	ïðèø¸ë	ïðèéòè	VERB	Aspect=Perf|Gender=Masc|Mood=Ind|Number=Sing|Tense=Past|VerbForm=Fin|Voice=Act	@ko1985f-words#@ko1985f#620.214#620.686							
158	Ò¸ìà	Ò¸ìà	PROPN	Animacy=Anim|Case=Nom|Gender=Masc|Number=Sing	@ko1985f-words#@ko1985f#620.686#621.16							
159	è	è	CCONJ	_	@ko1985f-words#@ko1985f#621.16#621.41							
160	óâèäåë	óâèäåòü	VERB	Aspect=Perf|Gender=Masc|Mood=Ind|Number=Sing|Tense=Past|VerbForm=Fin|Voice=Act	@ko1985f-words#@ko1985f#621.41#621.66							
161	÷òî	÷òî	SCONJ	_	@ko1985f-words#@ko1985f#621.66#621.91							
162	ÿ	ÿ	PRON	Case=Nom|Number=Sing|Person=1	@ko1985f-words#@ko1985f#621.91#622.16							
163	åãî	åãî	PRON	Case=Acc	@ko1985f-words#@ko1985f#622.16#622.41							
164	ñìîòðþ	ñìîòðåòü	NOUN	Aspect=Imp|Mood=Ind|Number=Sing|Person=1|Tense=Pres|VerbForm=Fin|Voice=Act	@ko1985f-words#@ko1985f#622.41#622.66							
165	è	è	CCONJ	_	@ko1985f-words#@ko1985f#622.66#623.02							
166	òèïà	òèïà	PART	_	@ko1985f-words#@ko1985f#623.02#623.38							
167	äàâàé	äàâàé	VERB	Aspect=Imp|Mood=Imp|Number=Sing|Person=2|VerbForm=Fin|Voice=Act	@ko1985f-words#@ko1985f#623.38#623.74							
168	ÿ	ÿ	PRON	Case=Nom|Number=Sing|Person=1	@ko1985f-words#@ko1985f#623.745#623.917							
169	òîæå	òîæå	CCONJ	_	@ko1985f-words#@ko1985f#623.917#624.089							
170	õî÷ó	õîòåòü	VERB	Aspect=Imp|Mood=Ind|Number=Sing|Person=1|Tense=Pres|VerbForm=Fin|Voice=Act	@ko1985f-words#@ko1985f#624.089#624.261							
171	ñìîòðåòü	ñìîòðåòü	VERB	Aspect=Imp|VerbForm=Inf|Voice=Act	@ko1985f-words#@ko1985f#624.261#624.435							
172	ÿ	ÿ	PRON	Case=Nom|Number=Sing|Person=1	@ko1985f-words#@ko1985f#624.445#624.596							
173	ãîâîðþ	ãîâîðèòü	VERB	Aspect=Imp|Mood=Ind|Number=Sing|Person=1|Tense=Pres|VerbForm=Fin|Voice=Act	@ko1985f-words#@ko1985f#624.596#624.747							
174	Ò¸ì	Ò¸ìà	PROPN	Animacy=Anim|Case=Voc|Gender=Masc|Number=Sing	@ko1985f-words#@ko1985f#624.747#624.9							
175	òàì	òàì	ADV	_	@ko1985f-words#@ko1985f#624.9#625.175							
176	åñòü	áûòü	VERB	Aspect=Imp|VerbForm=Inf|Voice=Act	@ko1985f-words#@ko1985f#625.175#625.45							
177	ïëîõèå	ïëîõîé	ADJ	Animacy=Inan|Case=Acc|Degree=Pos|Number=Plur	@ko1985f-words#@ko1985f#625.45#625.725							
178	ñëîâà	ñëîâî	NOUN	Animacy=Inan|Case=Acc|Gender=Neut|Number=Plur	@ko1985f-words#@ko1985f#625.725#626.0							
179	îí	îí	PRON	Case=Nom|Gender=Masc|Number=Sing|Person=3	@ko1985f-words#@ko1985f#626.0#626.2							
180	ãîâîðèò	ãîâîðèòü	VERB	Aspect=Imp|Mood=Ind|Number=Sing|Person=3|Tense=Pres|VerbForm=Fin|Voice=Act	@ko1985f-words#@ko1985f#626.2#626.4							
181	ÿ	ÿ	PRON	Case=Nom|Number=Sing|Person=1	@ko1985f-words#@ko1985f#626.4#626.6							
182	âñ¸	âñ¸	PRON	Case=Acc	@ko1985f-words#@ko1985f#626.6#626.8							
183	çíàþ	çíàòü	VERB	Aspect=Imp|Mood=Ind|Number=Sing|Person=1|Tense=Pres|VerbForm=Fin|Voice=Act	@ko1985f-words#@ko1985f#626.8#627.0							
184	ÿ	ÿ	PRON	Case=Nom|Number=Sing|Person=1	@ko1985f-words#@ko1985f#627.005#627.264							
185	íå	íå	PART	_	@ko1985f-words#@ko1985f#627.264#627.523							
186	áóäó	áûòü	VERB	Aspect=Imp|Mood=Ind|Number=Sing|Person=1|Tense=Pres|VerbForm=Fin|Voice=Act	@ko1985f-words#@ko1985f#627.523#627.782							
187	èõ	îíè	PRON	Case=Acc|Number=Plur|Person=3	@ko1985f-words#@ko1985f#627.782#628.041							
188	çàïîìèíàòü	çàïîìèíàòü	VERB	Aspect=Imp|VerbForm=Inf|Voice=Act	@ko1985f-words#@ko1985f#628.041#628.3							
189	ïîæàëóéñòà	ïîæàëóéñòà	PART	_	@ko1985f-words#@ko1985f#628.3#628.725							
190	òàì	òàì	ADV	_	@ko1985f-words#@ko1985f#628.725#629.15							
191	î÷åíü	î÷åíü	ADV	_	@ko1985f-words#@ko1985f#629.15#629.575							
192	èíòåðåñíî	èíòåðåñíî	ADV	Degree=Pos	@ko1985f-words#@ko1985f#629.575#630.0							
193	íó	íó	PART	_	@ko1985f-words#@ko1985f#630.0#630.236							
194	êîðî÷å	êîðî÷å	PART	_	@ko1985f-words#@ko1985f#630.236#630.472							
195	ìû	ìû	PRON	Case=Nom|Number=Plur|Person=1	@ko1985f-words#@ko1985f#630.472#630.708							
196	ñ	ñ	ADP	_	@ko1985f-words#@ko1985f#630.708#630.945							
197	÷åñòíî	÷åñòíî	ADV	Degree=Pos	@ko1985f-words#@ko1985f#630.955#631.242							
198	ñ	ñ	ADP	_	@ko1985f-words#@ko1985f#631.242#631.529							
199	íèì	îí	PRON	Case=Ins|Gender=Masc|Number=Sing|Person=3	@ko1985f-words#@ko1985f#631.529#631.816							
200	ïîñìîòðåëè	ïîñìîòðåòü	VERB	Aspect=Perf|Mood=Ind|Number=Plur|Tense=Past|VerbForm=Fin|Voice=Act	@ko1985f-words#@ko1985f#631.816#632.105							
201	îäíó	îäèí	NUM	Case=Acc|Gender=Fem	@ko1985f-words#@ko1985f#632.105#632.542							
202	ñåðèþ	ñåðèÿ	NOUN	Animacy=Inan|Case=Acc|Gender=Fem|Number=Sing	@ko1985f-words#@ko1985f#632.542#632.979							
203	Âèäîèçìåí¸ííîãî	Âèäîèçìåí¸ííûé	PROPN	Case=Gen|Degree=Pos|Gender=Masc|Number=Sing	@ko1985f-words#@ko1985f#632.979#633.416							
204	óãëåðîäà	óãëåðîä	PROPN	Animacy=Inan|Case=Gen|Gender=Masc|Number=Sing	@ko1985f-words#@ko1985f#633.416#633.855							
205	íî	íî	CCONJ	_	@ko1985f-words#@ko1985f#634.025#634.507							
206	íè÷åãî	íè÷òî	PRON	Case=Gen	@ko1985f-words#@ko1985f#634.507#634.989							
207	íå	íå	PART	_	@ko1985f-words#@ko1985f#634.989#635.471							
208	ïðîèçîøëî	ïðîèçîéòè	VERB	_	@ko1985f-words#@ko1985f#635.471#635.955							
209	íè÷åãî	íè÷òî	PRON	Case=Gen	@ko1985f-words#@ko1985f#635.965#636.355							
210	ðåàëüíî	ðåàëüíî	ADV	_	@ko1985f-words#@ko1985f#636.355#636.745							
211	íå	íå	PART	_	@ko1985f-words#@ko1985f#636.745#637.135							
212	ïðîèçîøëî	ïðîèçîéòè	VERB	Aspect=Perf|Gender=Neut|Mood=Ind|Number=Sing|Tense=Past|VerbForm=Fin|Voice=Act	@ko1985f-words#@ko1985f#637.135#637.525							
213	ïðè÷¸ì	ïðè÷¸ì	PART	_	@ko1985f-words#@ko1985f#637.53#637.796							
214	â	â	ADP	_	@ko1985f-words#@ko1985f#637.796#638.062							
215	øêîëå	øêîëà	NOUN	Animacy=Inan|Case=Loc|Gender=Fem|Number=Sing	@ko1985f-words#@ko1985f#638.062#638.33							
216	ïàöàíû	ïàöàí	NOUN	Animacy=Anim|Case=Nom|Gender=Masc|Number=Plur	@ko1985f-words#@ko1985f#638.335#638.701							
217	î÷åíü	î÷åíü	ADV	_	@ko1985f-words#@ko1985f#638.701#639.067							
218	ñèëüíî	ñèëüíî	ADV	Degree=Pos	@ko1985f-words#@ko1985f#639.067#639.433							
219	ìàòåðÿòñÿ	ìàòåðèòüñÿ	VERB	Aspect=Imp|Mood=Ind|Number=Plur|Person=3|Tense=Pres|VerbForm=Fin|Voice=Mid	@ko1985f-words#@ko1985f#639.433#639.8							
220	õà	õà	INTJ	_	@ko1985f-words#@ko1985f#639.8#640.134							
221	ñàìîå	ñàìûé	ADJ	Case=Nom|Degree=Sup|Gender=Neut|Number=Sing	@ko1985f-words#@ko1985f#640.134#640.468							
222	ñòðàííîå	ñòðàííûé	ADJ	Case=Nom|Degree=Sup|Gender=Neut|Number=Sing	@ko1985f-words#@ko1985f#640.468#640.802							
223	çíàåøü	çíàòü	VERB	Aspect=Imp|Mood=Ind|Number=Sing|Person=2|Tense=Pres|VerbForm=Fin|Voice=Act	@ko1985f-words#@ko1985f#640.802#641.136							
224	÷òî	÷òî	SCONJ	_	@ko1985f-words#@ko1985f#641.136#641.47							
225	áîëüøå	áîëüøå	ADV	Degree=Cmp	@ko1985f-words#@ko1985f#641.47#642.148							
226	âñåõ	âñå	PRON	Animacy=Anim|Case=Gen|Number=Plur	@ko1985f-words#@ko1985f#642.148#642.826							
227	ìàòåðÿòñÿ	ìàòåðèòüñÿ	VERB	Aspect=Imp|Mood=Ind|Number=Plur|Person=3|Tense=Pres|VerbForm=Fin|Voice=Mid	@ko1985f-words#@ko1985f#642.826#643.505							
228	äåòè	ðåáåíîê	NOUN	Animacy=Anim|Case=Nom|Gender=Masc|Number=Plur	@ko1985f-words#@ko1985f#643.66#644.39							
229	òåõ	òîò	DET	Case=Gen|Number=Plur	@ko1985f-words#@ko1985f#644.54#644.88							
230	ìàì	ìàìà	NOUN	Animacy=Inan|Case=Dat|Gender=Fem|Number=Plur	@ko1985f-words#@ko1985f#644.88#645.22							
231	êîòîðûå	êîòîðûé	PRON	Case=Acc	@ko1985f-words#@ko1985f#645.22#645.56							
232	î÷åíü	î÷åíü	ADV	Degree=Pos	@ko1985f-words#@ko1985f#645.56#645.9							
233	ïðàâèëüíûå	ïðàâèëüíûé	ADJ	Case=Nom|Degree=Pos|Number=Plur	@ko1985f-words#@ko1985f#645.9#646.24							
234	âîò	âîò	PART	_	@ko1985f-words#@ko1985f#646.535#647.095							
235	ýòî	ýòî	PART	_	@ko1985f-words#@ko1985f#647.095#647.495							
236	ìî¸	ìîé	DET	Case=Nom|Gender=Neut|Number=Sing	@ko1985f-words#@ko1985f#647.495#647.895							
237	íàáëþäåíèå	íàáëþäåíèå	NOUN	Animacy=Inan|Case=Nom|Gender=Neut|Number=Sing	@ko1985f-words#@ko1985f#647.895#648.295							
238	äàà	äà	PART	_	@ko1985f-words#@ko1985f#651.095#651.525							
239	êîìïåíñàöèÿ	êîìïåíñàöèÿ	NOUN	Animacy=Inan|Case=Nom|Gender=Fem|Number=Sing	@ko1985f-words#@ko1985f#651.615#652.635							
240	âîò	âîò	PART	_	@ko1985f-words#@ko1985f#656.095#656.655							
241	íàâåðíî	íàâåðíî	ADV	_	@ko1985f-words#@ko1985f#656.655#657.215							
242	óãóõì	óãóõì	INTJ	_	@ko1985f-words#@ko1985f#663.265#663.625							
243	óãóõì	óãóõì	INTJ	_	@ko1985f-words#@ko1985f#677.34#677.71							
244	àýì	àýì	INTJ	_	@ko1985f-words#@ko1985f#687.81#688.34							
245	ó	ó	ADP	_	@ko1985f-words#@ko1985f#691.97#692.242							
246	íåãî	îí	PRON	Case=Gen|Gender=Masc|Number=Sing|Person=3	@ko1985f-words#@ko1985f#692.242#692.514							
247	òåìà	òåìà	NOUN	Animacy=Inan|Case=Nom|Gender=Fem|Number=Sing	@ko1985f-words#@ko1985f#692.514#692.786							
248	ñåêñà	ñåêñ	NOUN	Animacy=Inan|Case=Gen|Gender=Masc|Number=Sing	@ko1985f-words#@ko1985f#692.786#693.058							
249	ïîêàà	ïîêà	CCONJ	_	@ko1985f-words#@ko1985f#693.058#693.33							
250	íå	íå	PART	_	@ko1985f-words#@ko1985f#693.33#693.885							
251	àêòèâèðîâàëàñü	àêòèâèðîâàòüñÿ	VERB	Aspect=Imp|Gender=Fem|Mood=Ind|Number=Sing|Tense=Past|VerbForm=Fin|Voice=Pass	@ko1985f-words#@ko1985f#693.885#694.44							
252	ïðè÷¸ì	ïðè÷¸ì	CCONJ	_	@ko1985f-words#@ko1985f#694.44#694.89							
253	ó	ó	ADP	_	@ko1985f-words#@ko1985f#694.89#695.34							
254	åãî	åãî	DET	Case=Gen|Gender=Masc|Number=Sing|Person=3	@ko1985f-words#@ko1985f#695.34#695.79							
255	îäíîêëàññíèêîâ	îäíîêëàññíèê	NOUN	Animacy=Anim|Case=Gen|Gender=Masc|Number=Plur	@ko1985f-words#@ko1985f#695.79#696.24							
256	óæå	óæå	ADV	_	@ko1985f-words#@ko1985f#696.24#696.69							
257	äà	äà	PART	_	@ko1985f-words#@ko1985f#696.69#697.14							
258	à	à	CCONJ	_	@ko1985f-words#@ko1985f#697.555#697.84							
259	îí	îí	PRON	Case=Nom|Gender=Masc|Number=Sing|Person=3	@ko1985f-words#@ko1985f#697.84#698.125							
260	òèïà	òèïà	PART	_	@ko1985f-words#@ko1985f#698.145#698.995							
261	îí	îí	PRON	Case=Nom|Gender=Masc|Number=Sing|Person=3	@ko1985f-words#@ko1985f#699.155#699.42							
262	òàêîé	òàêîé	DET	Case=Nom|Gender=Masc|Number=Sing	@ko1985f-words#@ko1985f#699.42#699.685							
263	òèïà	òèïà	PART	_	@ko1985f-words#@ko1985f#699.685#699.95							
264	à	à	CCONJ	_	@ko1985f-words#@ko1985f#699.95#700.242							
265	÷¸	÷òî	SCONJ	_	@ko1985f-words#@ko1985f#700.242#700.535							
266	èè	è	CCONJ	_	@ko1985f-words#@ko1985f#700.535#700.91							
267	íó	íó	PART	_	@ko1985f-words#@ko1985f#700.91#701.174							
268	åãî	îí	PRON	Case=Gen|Gender=Masc|Number=Sing|Person=3	@ko1985f-words#@ko1985f#701.174#701.438							
269	ýòî	ýòî	PRON	Animacy=Inan|Case=Nom|Gender=Neut|Number=Sing	@ko1985f-words#@ko1985f#701.438#701.702							
270	íå	íå	PART	_	@ko1985f-words#@ko1985f#701.702#701.966							
271	öåïëÿåò	öåïëÿòü	VERB	Aspect=Imp|Mood=Ind|Number=Sing|Person=3|Tense=Pres|VerbForm=Fin|Voice=Act	@ko1985f-words#@ko1985f#701.966#702.23							
272	ÿ	ÿ	PRON	Case=Nom|Number=Sing|Person=1	@ko1985f-words#@ko1985f#702.585#702.822							
273	íå	íå	PART	_	@ko1985f-words#@ko1985f#702.822#703.059							
274	çíàþ	çíàòü	VERB	Aspect=Imp|Mood=Ind|Number=Sing|Person=1|Tense=Pres|VerbForm=Fin|Voice=Act	@ko1985f-words#@ko1985f#703.059#703.296							
275	ÿ	ÿ	PRON	Case=Nom|Number=Sing|Person=1	@ko1985f-words#@ko1985f#703.296#703.535							
276	êîðî÷å	êîðî÷å	PART	_	@ko1985f-words#@ko1985f#703.575#704.02							
277	ñìîòðè	ñìîòðåòü	VERB	Aspect=Imp|Mood=Imp|Number=Sing|Person=2|VerbForm=Fin|Voice=Act	@ko1985f-words#@ko1985f#704.02#704.465							
278	ýòî	ýòî	PART	_	@ko1985f-words#@ko1985f#704.505#704.98							
279	íàâåðíî	íàâåðíî	ADV	_	@ko1985f-words#@ko1985f#704.98#705.455							
280	òî	òî	PRON	_	@ko1985f-words#@ko1985f#705.515#705.745							
281	òî	òî	PRON	_	@ko1985f-words#@ko1985f#705.745#705.975							
282	÷åì	÷òî	PRON	Case=Ins	@ko1985f-words#@ko1985f#705.975#706.205							
283	íå	íå	PART	_	@ko1985f-words#@ko1985f#706.205#706.435							
284	íàäî	íàäî	ADV	_	@ko1985f-words#@ko1985f#706.435#706.665							
285	ãîðäèòüñÿ	ãîðäèòüñÿ	VERB	Aspect=Imp|VerbForm=Inf|Voice=Mid	@ko1985f-words#@ko1985f#706.665#706.895							
286	íó	íó	PART	_	@ko1985f-words#@ko1985f#706.91#707.082							
287	âîò	âîò	PART	_	@ko1985f-words#@ko1985f#707.082#707.254							
288	ó	ó	ADP	_	@ko1985f-words#@ko1985f#707.254#707.426							
289	íåãî	îí	PRON	Case=Gen|Gender=Masc|Number=Sing|Person=3	@ko1985f-words#@ko1985f#707.426#707.598							
290	åñòü	áûòü	VERB	Aspect=Imp|Mood=Ind|Number=Plur|Person=3|Tense=Pres|VerbForm=Fin|Voice=Act	@ko1985f-words#@ko1985f#707.598#707.77							
291	òàì	òàì	ADV	_	@ko1985f-words#@ko1985f#707.77#707.942							
292	ýòè	ýòîò	DET	Case=Acc|Number=Plur	@ko1985f-words#@ko1985f#707.942#708.12							
293	÷àñ	÷àñ	NOUN	Animacy=Inan|Case=Nom|Gender=Masc|Number=Sing	@ko1985f-words#@ko1985f#708.13#708.66							
294	àéïýäà	àéïýä	NOUN	Animacy=Inan|Case=Gen|Gender=Masc|Number=Sing	@ko1985f-words#@ko1985f#708.66#709.19							
295	â	â	ADP	_	@ko1985f-words#@ko1985f#709.235#709.545							
296	äåíü	äåíü	NOUN	Animacy=Inan|Case=Acc|Gender=Masc|Number=Sing	@ko1985f-words#@ko1985f#709.545#709.855							
297	è	è	CCONJ	_	@ko1985f-words#@ko1985f#709.86#710.113							
298	ÿ	ÿ	PRON	Case=Nom|Number=Sing|Person=1	@ko1985f-words#@ko1985f#710.113#710.366							
299	íå	íå	PART	_	@ko1985f-words#@ko1985f#710.366#710.619							
300	êîíòðîëèðóþ	êîíòðîëèðîâàòü	VERB	Aspect=Imp|Mood=Ind|Number=Sing|Person=1|Tense=Pres|VerbForm=Fin|Voice=Act	@ko1985f-words#@ko1985f#710.619#710.872							
301	÷òî	÷òî	SCONJ	_	@ko1985f-words#@ko1985f#710.872#711.125							
302	îí	îí	PRON	Case=Nom|Gender=Masc|Number=Sing|Person=3	@ko1985f-words#@ko1985f#711.125#711.378							
303	òàì	òàì	ADV	_	@ko1985f-words#@ko1985f#711.378#711.631							
304	ñìîòðèò	ñìîòðåòü	VERB	Aspect=Imp|Mood=Ind|Number=Sing|Person=3|Tense=Pres|VerbForm=Fin|Voice=Act	@ko1985f-words#@ko1985f#711.631#711.89							
305	àà	à	INTJ	_	@ko1985f-words#@ko1985f#713.14#714.08							
306	ÿ	ÿ	PRON	Case=Nom|Number=Sing|Person=1	@ko1985f-words#@ko1985f#714.085#714.336							
307	çíàþ	çíàòü	VERB	Aspect=Imp|Mood=Ind|Number=Sing|Person=1|Tense=Pres|VerbForm=Fin|Voice=Act	@ko1985f-words#@ko1985f#714.336#714.587							
308	÷òî	÷òî	SCONJ	_	@ko1985f-words#@ko1985f#714.587#714.838							
309	îí	îí	PRON	Case=Nom|Gender=Masc|Number=Sing|Person=3	@ko1985f-words#@ko1985f#714.838#715.089							
310	ñìîòðèò	ñìîòðåòü	VERB	Aspect=Imp|Mood=Ind|Number=Sing|Person=3|Tense=Pres|VerbForm=Fin|Voice=Act	@ko1985f-words#@ko1985f#715.089#715.34							
311	ý	ý	INTJ	_	@ko1985f-words#@ko1985f#715.34#715.641							
312	ëýòñïëýè	ëýòñïëýé	NOUN	Animacy=Inan|Case=Acc|Gender=Masc|Number=Plur	@ko1985f-words#@ko1985f#715.641#715.942							
313	êàæåòñÿ	êàçàòüñÿ	VERB	Aspect=Imp|Mood=Ind|Number=Sing|Person=3|Tense=Pres|VerbForm=Fin|Voice=Mid	@ko1985f-words#@ko1985f#715.942#716.243							
314	ýòî	ýòî	PRON	Animacy=Inan|Case=Nom|Gender=Neut|Number=Sing	@ko1985f-words#@ko1985f#716.243#716.544							
315	òàê	òàê	PART	_	@ko1985f-words#@ko1985f#716.544#716.845							
316	íàçûâàåòñÿ	íàçûâàòüñÿ	VERB	Aspect=Imp|Mood=Ind|Number=Sing|Person=3|Tense=Pres|VerbForm=Fin|Voice=Mid	@ko1985f-words#@ko1985f#716.845#717.15							
317	òî	òî	PART	_	@ko1985f-words#@ko1985f#717.15#717.455							
318	åñòü	åñòü	PART	_	@ko1985f-words#@ko1985f#717.455#717.76							
319	êàê	êàê	SCONJ	_	@ko1985f-words#@ko1985f#717.76#718.065							
320	òàì	òàì	ADV	_	@ko1985f-words#@ko1985f#718.065#718.37							
321	êòî-òî	êòî-òî	PRON	Case=Nom	@ko1985f-words#@ko1985f#718.37#718.675							
322	âî	â	ADP	_	@ko1985f-words#@ko1985f#718.675#718.98							
323	÷òî-òî	÷òî-òî	PRON	Case=Acc	@ko1985f-words#@ko1985f#718.98#719.285							
324	èãðàåò	èãðàòü	VERB	Aspect=Imp|Mood=Ind|Number=Sing|Person=3|Tense=Pres|VerbForm=Fin|Voice=Act	@ko1985f-words#@ko1985f#719.285#719.59							
325	#âçäûõàåò#	#âçäûõàåò#	VERB	_	@ko1985f-words#@ko1985f#719.71#720.21							
326	à	à	INTJ	_	@ko1985f-words#@ko1985f#720.245#720.635							
327	íî	íî	CCONJ	_	@ko1985f-words#@ko1985f#720.645#720.883							
328	â	â	PART	_	@ko1985f-words#@ko1985f#720.883#721.121							
329	òîì	òî	PART	_	@ko1985f-words#@ko1985f#721.121#721.359							
330	÷èñëå	÷èñëî	PART	_	@ko1985f-words#@ko1985f#721.359#721.6							
331	îí	îí	PRON	Case=Nom|Gender=Masc|Number=Sing|Person=3	@ko1985f-words#@ko1985f#721.6#721.942							
332	ñìîòðèò	ñìîòðåòü	VERB	Aspect=Imp|Mood=Ind|Number=Sing|Person=3|Tense=Pres|VerbForm=Fin|Voice=Act	@ko1985f-words#@ko1985f#721.942#722.284							
333	è	è	PART	_	@ko1985f-words#@ko1985f#722.284#722.626							
334	êàêèå-òî	êàêîé-òî	DET	Case=Acc|Number=Plur	@ko1985f-words#@ko1985f#722.626#722.968							
335	ïåðåäà÷è	ïåðåäà÷à	NOUN	Animacy=Inan|Case=Acc|Gender=Fem|Number=Plur	@ko1985f-words#@ko1985f#722.968#723.31							
336	ñ	ñ	ADP	_	@ko1985f-words#@ko1985f#723.32#723.833							
337	ëîãè÷åñêèìè	ëîãè÷åñêèé	ADJ	Case=Ins|Degree=Pos|Number=Plur	@ko1985f-words#@ko1985f#723.833#724.346							
338	çàäà÷àìè	çàäà÷à	NOUN	Animacy=Inan|Case=Ins|Gender=Fem|Number=Plur	@ko1985f-words#@ko1985f#724.346#724.86							
339	ý	ý	INTJ	_	@ko1985f-words#@ko1985f#724.915#725.112							
340	òî	òî	PART	_	@ko1985f-words#@ko1985f#725.112#725.309							
341	åñòü	áûòü	PART	_	@ko1985f-words#@ko1985f#725.309#725.506							
342	òàì	òàì	ADV	_	@ko1985f-words#@ko1985f#725.506#725.705							
343	ïðèø¸ë	ïðèéòè	VERB	Aspect=Perf|Gender=Masc|Mood=Ind|Number=Sing|Tense=Past|VerbForm=Fin|Voice=Act	@ko1985f-words#@ko1985f#725.82#726.425							
344	ñëåäîâàòåëü	ñëåäîâàòåëü	NOUN	Animacy=Anim|Case=Nom|Gender=Masc|Number=Sing	@ko1985f-words#@ko1985f#726.425#727.03							
345	óâèäåë	óâèäåòü	VERB	Aspect=Perf|Gender=Masc|Mood=Ind|Number=Sing|Tense=Past|VerbForm=Fin|Voice=Act	@ko1985f-words#@ko1985f#727.04#727.345							
346	òî-òî	òî-òî	PRON	Case=Acc	@ko1985f-words#@ko1985f#727.345#727.65							
347	îí	îí	PRON	Case=Nom|Gender=Masc|Number=Sing|Person=3	@ko1985f-words#@ko1985f#727.65#727.87							
348	ïîòîì	ïîòîì	ADV	_	@ko1985f-words#@ko1985f#727.87#728.09							
349	èõ	îíè	PRON	Case=Gen|Number=Plur|Person=3	@ko1985f-words#@ko1985f#728.09#728.31							
350	ìíå	ÿ	PRON	Case=Dat|Number=Sing|Person=1	@ko1985f-words#@ko1985f#728.31#728.53							
351	â	â	ADP	_	@ko1985f-words#@ko1985f#728.53#728.75							
352	ìàøèíå	ìàøèíà	NOUN	Animacy=Inan|Case=Loc|Gender=Fem|Number=Sing	@ko1985f-words#@ko1985f#728.75#728.97							
353	çàäà¸ò	çàäàâàòü	VERB	Aspect=Imp|Mood=Ind|Number=Sing|Person=3|Tense=Pres|VerbForm=Fin|Voice=Act	@ko1985f-words#@ko1985f#728.97#729.19							
354	ÿ	ÿ	PRON	Case=Nom|Number=Sing|Person=1	@ko1985f-words#@ko1985f#729.19#729.41							
355	íå	íå	PART	_	@ko1985f-words#@ko1985f#729.41#729.63							
356	ìîãó	ìî÷ü	VERB	Aspect=Imp|Mood=Ind|Number=Sing|Person=1|Tense=Pres|VerbForm=Fin|Voice=Act	@ko1985f-words#@ko1985f#729.63#729.85							
357	èõ	îíè	PRON	Case=Gen|Number=Plur|Person=3	@ko1985f-words#@ko1985f#729.85#730.07							
358	ðåøèòü	ðåøèòü	VERB	Aspect=Perf|VerbForm=Inf|Voice=Act	@ko1985f-words#@ko1985f#730.07#730.29							
359	íó	íó	PART	_	@ko1985f-words#@ko1985f#730.29#730.526							
360	â	â	PART	_	@ko1985f-words#@ko1985f#730.526#730.762							
361	îáùåì	îáùåì	PART	_	@ko1985f-words#@ko1985f#730.762#731.0							
362	îí	îí	PRON	Case=Nom|Gender=Masc|Number=Sing|Person=3	@ko1985f-words#@ko1985f#731.03#731.456							
363	âûáèðàåò	âûáèðàòü	VERB	Aspect=Imp|Mood=Ind|Number=Sing|Person=3|Tense=Pres|VerbForm=Fin|Voice=Act	@ko1985f-words#@ko1985f#731.456#731.882							
364	ñàì	ñàì	PART	_	@ko1985f-words#@ko1985f#731.882#732.31							
365	ý	ý	INTJ	_	@ko1985f-words#@ko1985f#732.32#732.607							
366	è	è	CCONJ	_	@ko1985f-words#@ko1985f#732.607#732.894							
367	âûáèðàåò	âûáèðàòü	VERB	Aspect=Imp|Mood=Ind|Number=Sing|Person=3|Tense=Pres|VerbForm=Fin|Voice=Act	@ko1985f-words#@ko1985f#732.894#733.181							
368	ý	ý	INTJ	_	@ko1985f-words#@ko1985f#733.181#733.47							
369	÷òî-òî	÷òî-òî	ADV	_	@ko1985f-words#@ko1985f#733.485#733.84							
370	÷òî	÷òî	SCONJ	_	@ko1985f-words#@ko1985f#733.84#734.195							
371	åìó	îí	PRON	Case=Dat|Gender=Masc|Number=Sing|Person=3	@ko1985f-words#@ko1985f#734.195#734.55							
372	íðàâèòñÿ	íðàâèòüñÿ	VERB	Aspect=Imp|Mood=Ind|Number=Sing|Person=3|Tense=Pres|VerbForm=Fin|Voice=Mid	@ko1985f-words#@ko1985f#734.55#734.905							
373	íî	íî	CCONJ	_	@ko1985f-words#@ko1985f#734.91#735.165							
374	÷òî-òî	÷òî-òî	PRON	Case=Acc	@ko1985f-words#@ko1985f#735.165#735.42							
375	è	è	CCONJ	_	@ko1985f-words#@ko1985f#735.42#735.675							
376	ïîëåçíîå	ïîëåçíûé	ADJ	Case=Acc|Degree=Pos|Gender=Neut|Number=Sing	@ko1985f-words#@ko1985f#735.675#735.93							
377	îí	îí	PRON	Case=Nom|Gender=Masc|Number=Sing|Person=3	@ko1985f-words#@ko1985f#735.93#736.185							
378	ñàì	ñàì	PART	_	@ko1985f-words#@ko1985f#736.185#736.44							
379	âûáèðàåò	âûáèðàòü	VERB	Aspect=Imp|Mood=Ind|Number=Sing|Person=3|Tense=Pres|VerbForm=Fin|Voice=Act	@ko1985f-words#@ko1985f#736.44#736.7							
380	ñ	ñ	ADP	_	@ko1985f-words#@ko1985f#737.0#737.323							
381	ïàïîé	ïàïà	NOUN	Animacy=Anim|Case=Ins|Gender=Masc|Number=Sing	@ko1985f-words#@ko1985f#737.323#737.646							
382	îíè	îíè	PRON	Case=Nom|Number=Plur|Person=3	@ko1985f-words#@ko1985f#737.646#737.969							
383	ñìîòðÿò	ñìîòðåòü	VERB	Aspect=Imp|Mood=Ind|Number=Plur|Person=3|Tense=Pres|VerbForm=Fin|Voice=Act	@ko1985f-words#@ko1985f#737.969#738.292							
384	ó	ó	ADP	_	@ko1985f-words#@ko1985f#738.292#738.615							
385	íåãî	îí	PRON	Case=Gen|Gender=Masc|Number=Sing|Person=3	@ko1985f-words#@ko1985f#738.615#738.938							
386	äîìà	äîìà	ADV	_	@ko1985f-words#@ko1985f#738.938#739.261							
387	êàêîé-òî	êàêîé-òî	DET	Case=Acc|Gender=Masc|Number=Sing	@ko1985f-words#@ko1985f#739.261#739.584							
388	íýéøíë	íýéøíë	X	Foreign=National	@ko1985f-words#@ko1985f#739.584#739.907							
389	äæèîãðàôèê	äæèîãðàôèê	X	Foreign=Geographic	@ko1985f-words#@ko1985f#739.907#740.23							
390	îí	îí	PRON	Case=Nom|Gender=Masc|Number=Sing|Person=3	@ko1985f-words#@ko1985f#740.23#740.593							
391	ìíå	ÿ	PRON	Case=Dat|Number=Sing|Person=1	@ko1985f-words#@ko1985f#740.593#740.956							
392	ðàññêàçûâàåò	ðàññêàçûâàòü	VERB	Aspect=Imp|Mood=Ind|Number=Sing|Person=3|Tense=Pres|VerbForm=Fin|Voice=Act	@ko1985f-words#@ko1985f#740.956#741.32							
393	ìì	ìì	INTJ	_	@ko1985f-words#@ko1985f#741.44#742.31							
394	êàê	êàê	SCONJ	_	@ko1985f-words#@ko1985f#742.33#742.712							
395	âîëêè	âîëê	NOUN	Animacy=Anim|Case=Nom|Gender=Masc|Number=Plur	@ko1985f-words#@ko1985f#742.712#743.094							
396	ïðîâàëèâàþòñÿ	ïðîâàëèâàòüñÿ	VERB	Aspect=Imp|Mood=Ind|Number=Plur|Person=3|Tense=Pres|VerbForm=Fin|Voice=Act	@ko1985f-words#@ko1985f#743.094#743.476							
397	ïîä	ïîä	ADP	_	@ko1985f-words#@ko1985f#743.476#743.858							
398	ñíåã	ñíåã	NOUN	Animacy=Inan|Case=Acc|Gender=Masc|Number=Sing	@ko1985f-words#@ko1985f#743.858#744.24							
399	íå	íå	PART	_	@ko1985f-words#@ko1985f#744.24#744.626							
400	ìîãóò	ìî÷ü	AUX	Aspect=Imp|Mood=Ind|Number=Plur|Person=3|Tense=Pres|VerbForm=Fin|Voice=Act	@ko1985f-words#@ko1985f#744.626#745.012							
401	âûáðàòüñÿ	âûáðàòüñÿ	VERB	Aspect=Perf|VerbForm=Inf|Voice=Mid	@ko1985f-words#@ko1985f#745.012#745.4							
402	â	â	PART	_	@ko1985f-words#@ko1985f#745.4#745.915							
403	îáùåìì	îáùåì	PART	_	@ko1985f-words#@ko1985f#745.915#746.43							
404	êîðî÷å	êîðî÷å	PART	_	@ko1985f-words#@ko1985f#746.43#746.85							
405	îí	îí	PRON	Case=Nom|Gender=Masc|Number=Sing|Person=3	@ko1985f-words#@ko1985f#746.85#747.27							
406	ðåøàåò	ðåøàòü	VERB	Aspect=Imp|Mood=Ind|Number=Sing|Person=3|Tense=Pres|VerbForm=Fin|Voice=Act	@ko1985f-words#@ko1985f#747.27#747.69							
407	ýòè	ýòîò	PRON	Case=Acc|Number=Plur	@ko1985f-words#@ko1985f#747.69#748.01							
408	ïîëòîðà	ïîëòîðà	NUM	Case=Acc|Gender=Masc	@ko1985f-words#@ko1985f#748.01#748.33							
409	÷àñà	÷àñ	NOUN	Animacy=Inan|Case=Gen|Gender=Masc|Number=Sing	@ko1985f-words#@ko1985f#748.33#748.65							
410	ÿ	ÿ	PRON	Case=Nom|Number=Sing|Person=1	@ko1985f-words#@ko1985f#748.65#748.97							
411	íå	íå	PART	_	@ko1985f-words#@ko1985f#748.97#749.29							
412	êîíòðîëèðóþ	êîíòðîëèðîâàòü	VERB	Aspect=Imp|Mood=Ind|Number=Sing|Person=1|Tense=Pres|VerbForm=Fin|Voice=Act	@ko1985f-words#@ko1985f#749.29#749.61							
413	êîðî÷å	êîðî÷å	PART	_	@ko1985f-words#@ko1985f#761.49#761.671							
414	ÿ	ÿ	PRON	Case=Nom|Number=Sing|Person=1	@ko1985f-words#@ko1985f#761.671#761.852							
415	íå	íå	PART	_	@ko1985f-words#@ko1985f#761.852#762.033							
416	ÿ	ÿ	PRON	Case=Nom|Number=Sing|Person=1	@ko1985f-words#@ko1985f#762.033#762.214							
417	íå	íå	PART	_	@ko1985f-words#@ko1985f#762.214#762.395							
418	âåðþ	âåðèòü	VERB	Aspect=Imp|Mood=Ind|Number=Sing|Person=1|Tense=Pres|VerbForm=Fin|Voice=Act	@ko1985f-words#@ko1985f#762.395#762.576							
419	òîæå	òîæå	CCONJ	_	@ko1985f-words#@ko1985f#762.576#762.757							
420	÷òî	÷òî	SCONJ	_	@ko1985f-words#@ko1985f#762.757#762.94							
421	îí	îí	PRON	Case=Nom|Gender=Masc|Number=Sing|Person=3	@ko1985f-words#@ko1985f#762.94#763.227							
422	÷¸-òî	÷òî-òî	PRON	_	@ko1985f-words#@ko1985f#763.227#763.514							
423	òàì	òàì	ADV	_	@ko1985f-words#@ko1985f#763.514#763.801							
424	íàéä¸ò	íàéòè	VERB	Aspect=Perf|Mood=Ind|Number=Sing|Person=2|Tense=Fut|VerbForm=Fin|Voice=Act	@ko1985f-words#@ko1985f#763.801#764.088							
425	òàêîå	òàêîé	DET	Case=Acc|Gender=Neut|Number=Sing	@ko1985f-words#@ko1985f#764.088#764.375							
426	äèêî	äèêî	ADV	_	@ko1985f-words#@ko1985f#764.375#764.662							
427	òðàâìèðóþùåå	òðàâìèðîâàòü	VERB	Case=Acc|Degree=Pos|Gender=Neut|Number=Sing	@ko1985f-words#@ko1985f#764.662#764.955							
428	íåò	íåò	PART	_	@ko1985f-words#@ko1985f#764.955#765.27							
429	èëè	èëè	CCONJ	_	@ko1985f-words#@ko1985f#765.27#765.645							
430	íàéä¸ò	íàéòè	VERB	Aspect=Perf|Mood=Ind|Number=Sing|Person=2|Tense=Fut|VerbForm=Fin|Voice=Act	@ko1985f-words#@ko1985f#765.645#766.02							
431	äà	äà	PART	_	@ko1985f-words#@ko1985f#771.33#771.95							
432	äà	äà	PART	_	@ko1985f-words#@ko1985f#774.28#774.84							
433	äà	äà	PART	_	@ko1985f-words#@ko1985f#795.09#795.57							
434	äà	äà	PART	_	@ko1985f-words#@ko1985f#800.165#800.585							
435	âîîáùå	âîîáùå	ADV	_	@ko1985f-words#@ko1985f#811.01#811.426							
436	çíàåøü	çíàòü	VERB	Aspect=Imp|Mood=Ind|Number=Sing|Person=2|Tense=Pres|VerbForm=Fin|Voice=Act	@ko1985f-words#@ko1985f#811.426#811.842							
437	÷òî	÷òî	SCONJ	_	@ko1985f-words#@ko1985f#811.842#812.26							
438	ìîÿ	ìîé	DET	Case=Nom|Gender=Fem|Number=Sing	@ko1985f-words#@ko1985f#812.26#812.586							
439	ìûñëü	ìûñëü	NOUN	Animacy=Inan|Case=Nom|Gender=Fem|Number=Sing	@ko1985f-words#@ko1985f#812.586#812.912							
440	ïðî	ïðî	ADP	_	@ko1985f-words#@ko1985f#812.912#813.238							
441	ýòî	ýòî	PRON	Animacy=Inan|Case=Acc|Gender=Neut|Number=Sing	@ko1985f-words#@ko1985f#813.238#813.564							
442	åù¸	åùå	ADV	_	@ko1985f-words#@ko1985f#813.564#813.89							
443	âîò	âîò	PART	_	@ko1985f-words#@ko1985f#813.89#814.275							
444	òàêàÿ	òàêîé	DET	Case=Nom|Gender=Fem|Number=Sing	@ko1985f-words#@ko1985f#814.275#814.66							
445	÷òîî	÷òî	SCONJ	_	@ko1985f-words#@ko1985f#814.98#815.68							
446	ðîäèòåëü	ðîäèòåëü	NOUN	Animacy=Anim|Case=Nom|Gender=Masc|Number=Sing	@ko1985f-words#@ko1985f#815.79#817.06							
447	äîëæåí	äîëæíûé	ADJ	Degree=Pos|Gender=Masc|Number=Sing|Variant=Short	@ko1985f-words#@ko1985f#817.06#817.597							
448	ñôîðìèðîâàòü	ñôîðìèðîâàòü	VERB	Aspect=Perf|VerbForm=Inf|Voice=Act	@ko1985f-words#@ko1985f#817.597#818.134							
449	ó	ó	ADP	_	@ko1985f-words#@ko1985f#818.134#818.671							
450	ðåá¸íêà	ðåáåíîê	NOUN	Animacy=Anim|Case=Gen|Gender=Masc|Number=Sing	@ko1985f-words#@ko1985f#818.671#819.21							
451	àì	àì	INTJ	_	@ko1985f-words#@ko1985f#820.16#820.97							
452	â	â	ADP	_	@ko1985f-words#@ko1985f#820.97#821.476							
453	ðåàëüíîé	ðåàëüíûé	ADJ	Case=Loc|Degree=Pos|Gender=Fem|Number=Sing	@ko1985f-words#@ko1985f#821.476#821.982							
454	æèçíè	æèçíü	NOUN	Animacy=Inan|Case=Loc|Gender=Fem|Number=Sing	@ko1985f-words#@ko1985f#821.982#822.49							
455	êàêîé-òî	êàêîé-òî	DET	Case=Acc|Gender=Fem|Number=Sing	@ko1985f-words#@ko1985f#822.54#823.186							
456	êðóã	êðóã	NOUN	Animacy=Inan|Case=Acc|Gender=Masc|Number=Plur	@ko1985f-words#@ko1985f#823.186#823.832							
457	èíòåðåñîâ	èíòåðåñ	NOUN	Animacy=Inan|Case=Gen|Gender=Masc|Number=Plur	@ko1985f-words#@ko1985f#823.832#824.48							
458	êîòîðûé	êîòîðûé	SCONJ	_	@ko1985f-words#@ko1985f#825.37#825.795							
459	íó	íó	PART	_	@ko1985f-words#@ko1985f#825.795#826.22							
460	âïîñëåäñòâèè	âïîñëåäñòâèè	ADP	_	@ko1985f-words#@ko1985f#826.22#826.567							
461	îòðàçèòñÿ	îòðàçèòüñÿ	VERB	Aspect=Perf|Mood=Ind|Number=Sing|Person=3|Tense=Fut|VerbForm=Fin|Voice=Mid	@ko1985f-words#@ko1985f#826.567#826.914							
462	è	è	CCONJ	_	@ko1985f-words#@ko1985f#826.914#827.261							
463	íà	íà	ADP	_	@ko1985f-words#@ko1985f#827.261#827.608							
464	åãî	åãî	PRON	Number=Sing|Gender=Masc	@ko1985f-words#@ko1985f#827.608#827.955							
465	ñ¸ð÷àõ	ñ¸ð÷	NOUN	Animacy=Inan|Case=Loc|Gender=Masc|Number=Plur	@ko1985f-words#@ko1985f#827.955#828.302							
466	â	â	ADP	_	@ko1985f-words#@ko1985f#828.302#828.649							
467	èíòåðíåòå	èíòåðíåò	NOUN	Animacy=Inan|Case=Loc|Gender=Masc|Number=Sing	@ko1985f-words#@ko1985f#828.649#829.0							
468	íó	íó	PART	_	@ko1985f-words#@ko1985f#829.37#829.655							
469	òî	òî	PART	_	@ko1985f-words#@ko1985f#829.655#829.94							
470	åñòü	áûòü	PART	_	@ko1985f-words#@ko1985f#829.94#830.225							
471	ýìì	ýìì	INTJ	_	@ko1985f-words#@ko1985f#830.225#830.51							
472	âîò	âîò	PART	_	@ko1985f-words#@ko1985f#831.1#831.545							
473	îêåé	îêåé	PART	_	@ko1985f-words#@ko1985f#831.545#831.99							
474	ÿ	ÿ	PRON	Case=Nom|Number=Sing|Person=1	@ko1985f-words#@ko1985f#832.0#832.211							 
475	çíàþ	çíàòü	VERB	Aspect=Imp|Mood=Ind|Number=Sing|Person=1|Tense=Pres|VerbForm=Fin|Voice=Act	@ko1985f-words#@ko1985f#832.211#832.422							
476	÷òî	÷òî	SCONJ	_	@ko1985f-words#@ko1985f#832.422#832.633							
477	ó	ó	ADP	_	@ko1985f-words#@ko1985f#832.633#832.844							
478	íåãî	îí	PRON	Case=Gen|Gender=Masc|Number=Sing|Person=3	@ko1985f-words#@ko1985f#832.844#833.055							
479	åñòü	áûòü	VERB	Aspect=Imp|Mood=Ind|Number=Sing|Person=3|Tense=Pres|VerbForm=Fin|Voice=Act	@ko1985f-words#@ko1985f#833.055#833.266							
480	òàì	òàì	ADV	_	@ko1985f-words#@ko1985f#833.266#833.477							
481	ýòîò	ýòîò	DET	Case=Nom|Gender=Masc|Number=Sing	@ko1985f-words#@ko1985f#833.477#833.688							
482	÷àñ	÷àñ	NOUN	Animacy=Inan|Case=Acc|Gender=Masc|Number=Sing	@ko1985f-words#@ko1985f#833.688#833.9							
483	â	â	ADP	_	@ko1985f-words#@ko1985f#834.02#834.354							
484	áóäíè	áóäíè	NOUN	Animacy=Inan|Case=Acc|Gender=Masc|Number=Plur	@ko1985f-words#@ko1985f#834.354#834.688							
485	ïîëòîðà	ïîëòîðà	NUM	Case=Acc|Gender=Masc	@ko1985f-words#@ko1985f#834.688#835.022							
486	íà	íà	ADP	_	@ko1985f-words#@ko1985f#835.022#835.356							
487	âûõîäíûõ	âûõîäíîé	NOUN	Animacy=Inan|Case=Loc|Gender=Masc|Number=Plur	@ko1985f-words#@ko1985f#835.356#835.69							
488	ý	ý	INTJ	_	@ko1985f-words#@ko1985f#835.86#836.525							
489	ïëàíøåòà	ïëàíøåò	NOUN	Animacy=Inan|Case=Gen|Gender=Masc|Number=Sing	@ko1985f-words#@ko1985f#836.525#837.19							
490	íî	íî	CCONJ	_	@ko1985f-words#@ko1985f#837.22#837.552							
491	âñ¸	âåñü	DET	Case=Acc|Gender=Neut|Number=Sing	@ko1985f-words#@ko1985f#837.552#837.884							
492	îñòàëüíîå	îñòàëüíîé	ADJ	Case=Acc|Degree=Pos|Gender=Neut|Number=Sing	@ko1985f-words#@ko1985f#837.884#838.216							
493	âðåìÿ	âðåìÿ	NOUN	Animacy=Inan|Case=Acc|Gender=Neut|Number=Sing	@ko1985f-words#@ko1985f#838.216#838.55							
494	ìîÿ	ìîé	DET	Case=Nom|Gender=Fem|Number=Sing	@ko1985f-words#@ko1985f#838.55#838.965							
495	çàäà÷à	çàäà÷à	NOUN	Animacy=Inan|Case=Nom|Gender=Fem|Number=Sing	@ko1985f-words#@ko1985f#838.965#839.38							
496	íàé	íàéòè	VERB	Aspect=Perf|VerbForm=Inf|Voice=Act	@ko1985f-words#@ko1985f#839.48#839.89							
497	íàéòè	íàéòè	VERB	Aspect=Perf|VerbForm=Inf|Voice=Act	@ko1985f-words#@ko1985f#839.9#840.245							
498	íó	íó	PART	_	@ko1985f-words#@ko1985f#840.245#840.59							
499	êàêèå-òî	êàêîé-òî	DET	Case=Nom|Number=Plur	@ko1985f-words#@ko1985f#840.62#841.026							
500	ïðèäóìàòü	ïðèäóìàòü	VERB	Aspect=Perf|VerbForm=Inf|Voice=Act	@ko1985f-words#@ko1985f#841.026#841.432							
501	åìó	îí	PRON	Case=Dat|Gender=Masc|Number=Sing|Person=3	@ko1985f-words#@ko1985f#841.432#841.84							
502	øòóêè	øòóêà	NOUN	Animacy=Inan|Case=Acc|Gender=Fem|Number=Plur	@ko1985f-words#@ko1985f#841.85#842.146							
503	êîòîðûå	êîòîðûé	PRON	Case=Acc|Number=Plur	@ko1985f-words#@ko1985f#842.146#842.442							
504	åãî	îí	PRON	Case=Acc|Gender=Masc|Number=Sing|Person=3	@ko1985f-words#@ko1985f#842.442#842.738							
505	áóäóò	áûòü	AUX	Aspect=Imp|Mood=Ind|Number=Plur|Person=3|Tense=Pres|VerbForm=Fin|Voice=Act	@ko1985f-words#@ko1985f#842.738#843.034							
506	óâëåêàòü	óâëåêàòü	VERB	Aspect=Imp|VerbForm=Inf|Voice=Act	@ko1985f-words#@ko1985f#843.034#843.33							
507	òàì	òàì	ADV	_	@ko1985f-words#@ko1985f#843.33#843.63							
508	ðîëèêè	ðîëèê	NOUN	Animacy=Inan|Case=Acc|Gender=Masc|Number=Plur	@ko1985f-words#@ko1985f#843.645#844.795							
509	ñåé÷àñ	ñåé÷àñ	ADV	_	@ko1985f-words#@ko1985f#844.8#845.067							
510	îí	îí	PRON	Case=Nom|Gender=Masc|Number=Sing|Person=3	@ko1985f-words#@ko1985f#845.067#845.334							
511	ñîø¸ë	ñîéòè	VERB	Aspect=Perf|Gender=Masc|Mood=Ind|Number=Sing|Tense=Past|VerbForm=Fin|Voice=Act	@ko1985f-words#@ko1985f#845.334#845.601							
512	ñ	ñ	ADP	_	@ko1985f-words#@ko1985f#845.601#845.868							
513	óìà	óì	NOUN	Animacy=Inan|Case=Gen|Gender=Masc|Number=Sing	@ko1985f-words#@ko1985f#845.868#846.135							
514	ïî	ïî	ADP	_	@ko1985f-words#@ko1985f#846.135#846.402							
515	ëîøàäÿì	ëîøàäü	NOUN	Animacy=Anim|Case=Dat|Gender=Fem|Number=Plur	@ko1985f-words#@ko1985f#846.402#846.67							
516	èè	è	CCONJ	_	@ko1985f-words#@ko1985f#846.7#847.06							
517	äà	äà	PART	_	@ko1985f-words#@ko1985f#847.1#847.378							
518	ÿ	ÿ	PRON	Case=Nom|Number=Sing|Person=1	@ko1985f-words#@ko1985f#847.378#847.656							
519	áóäó	áûòü	AUX	Aspect=Imp|Mood=Ind|Number=Sing|Person=1|Tense=Pres|VerbForm=Fin|Voice=Act	@ko1985f-words#@ko1985f#847.656#847.934							
520	îòäàâàòü	îòäàâàòü	VERB	Aspect=Imp|VerbForm=Inf|Voice=Act	@ko1985f-words#@ko1985f#847.934#848.212							
521	çà	çà	ADP	_	@ko1985f-words#@ko1985f#848.212#848.49							
522	ýòî	ýòî	PRON	Animacy=Inan|Case=Acc|Gender=Neut|Number=Sing	@ko1985f-words#@ko1985f#848.49#848.768							
523	âñå	âåñü	DET	Case=Acc|Gender=Neut|Number=Sing	@ko1985f-words#@ko1985f#848.768#849.046							
524	äåíüãè	äåíüãè	NOUN	Animacy=Inan|Case=Nom|Gender=Fem|Number=Plur	@ko1985f-words#@ko1985f#849.046#849.33							
525	ïîòîìó	ïîòîìó	SCONJ	_	@ko1985f-words#@ko1985f#849.33#849.602							
526	÷òî	÷òî	SCONJ	_	@ko1985f-words#@ko1985f#849.602#849.874							
527	îí	îí	PRON	Case=Nom|Gender=Masc|Number=Sing|Person=3	@ko1985f-words#@ko1985f#849.874#850.146							
528	ãîòîâ	ãîòîâûé	ADJ	Degree=Pos|Gender=Masc|Number=Sing|Variant=Short	@ko1985f-words#@ko1985f#850.146#850.418							
529	÷èòàòü	÷èòàòü	VERB	Aspect=Imp|VerbForm=Inf|Voice=Act	@ko1985f-words#@ko1985f#850.418#850.69							
530	ïðî	ïðî	ADP	_	@ko1985f-words#@ko1985f#850.69#850.962							
531	ýòî	ýòî	PRON	Animacy=Inan|Case=Acc|Gender=Neut|Number=Sing	@ko1985f-words#@ko1985f#850.962#851.234							
532	êíèãè	êíèãà	NOUN	Animacy=Inan|Case=Acc|Gender=Fem|Number=Plur	@ko1985f-words#@ko1985f#851.234#851.51							
533	òðåíèðîâàòüñÿ	òðåíèðîâàòüñÿ	VERB	Aspect=Imp|VerbForm=Inf|Voice=Mid	@ko1985f-words#@ko1985f#851.52#852.79							
534	à	à	CCONJ	_	@ko1985f-words#@ko1985f#852.81#852.955							
535	ý	ý	INTJ	_	@ko1985f-words#@ko1985f#852.955#853.1							
536	ýòî	ýòî	PART	_	@ko1985f-words#@ko1985f#853.11#853.765							
537	íóó	íó	PART	_	@ko1985f-words#@ko1985f#853.765#854.42							
538	ñïîðòîì	ñïîðò	NOUN	Animacy=Inan|Case=Ins|Gender=Masc|Number=Sing	@ko1985f-words#@ko1985f#854.42#854.763							
539	âîîáùå	âîîáùå	PART	_	@ko1985f-words#@ko1985f#854.763#855.106							
540	íå	íå	PART	_	@ko1985f-words#@ko1985f#855.106#855.449							
541	âñåõ	âñå	PRON	Animacy=Anim|Case=Acc|Number=Plur	@ko1985f-words#@ko1985f#855.449#855.792							
542	çàñòàâèøü	çàñòàâèòü	VERB	Aspect=Perf|Mood=Ind|Number=Sing|Person=2|Tense=Fut|VerbForm=Fin|Voice=Act	@ko1985f-words#@ko1985f#855.792#856.135							
543	çàíèìàòüñÿ	çàíèìàòüñÿ	VERB	Aspect=Imp|VerbForm=Inf|Voice=Mid	@ko1985f-words#@ko1985f#856.135#856.48							
544	òóò	òóò	ADV	_	@ko1985f-words#@ko1985f#856.48#856.808							
545	îí	îí	PRON	Case=Nom|Gender=Masc|Number=Sing|Person=3	@ko1985f-words#@ko1985f#856.808#857.136							
546	ãîòîâ	ãîòîâûé	ADJ	Degree=Pos|Gender=Masc|Number=Sing|Variant=Short	@ko1985f-words#@ko1985f#857.136#857.464							
547	÷òî-òî	÷òî-òî	PRON	Case=Acc	@ko1985f-words#@ko1985f#857.464#857.792							
548	äåëàòü	äåëàòü	VERB	Aspect=Imp|VerbForm=Inf|Voice=Act	@ko1985f-words#@ko1985f#857.792#858.12							
549	ôèçè÷åñêè	ôèçè÷åñêè	ADV	_	@ko1985f-words#@ko1985f#858.12#858.745							
550	àêòèâíîå	àêòèâíûé	ADJ	Case=Acc|Degree=Pos|Gender=Neut|Number=Sing	@ko1985f-words#@ko1985f#858.745#859.37							
551	è	è	CCONJ	_	@ko1985f-words#@ko1985f#859.37#859.686							
552	áåæèò	áåæàòü	VERB	Aspect=Imp|Mood=Ind|Number=Sing|Person=3|Tense=Pres|VerbForm=Fin|Voice=Act	@ko1985f-words#@ko1985f#859.686#860.002							
553	òóäà	òóäà	ADV	_	@ko1985f-words#@ko1985f#860.002#860.32							
554	íó	íó	PART	_	@ko1985f-words#@ko1985f#860.32#860.66							
555	âî	âîò	PART	_	@ko1985f-words#@ko1985f#860.66#861.0							
556	âîò	âîò	PART	_	@ko1985f-words#@ko1985f#861.0#861.34							
557	ýòî	ýòî	PART	_	@ko1985f-words#@ko1985f#861.34#861.68							
558	ìîÿ	ìîé	DET	Case=Nom|Gender=Fem|Number=Sing	@ko1985f-words#@ko1985f#861.69#862.093							
559	ìîÿ	ìîé	DET	Case=Nom|Gender=Fem|Number=Sing	@ko1985f-words#@ko1985f#862.093#862.496							
560	çàäà÷à	çàäà÷à	NOUN	Animacy=Inan|Case=Nom|Gender=Fem|Number=Sing	@ko1985f-words#@ko1985f#862.496#862.9							
561	àýì	àýì	INTJ	_	@be1987f-words#@be1987f#547.923#548.432							
562	òû	òû	PRON	Case=Nom|Number=Sing|Person=2	@be1987f-words#@be1987f#548.432#548.941							
563	ñêàçàëà	ñêàçàòü	VERB	Aspect=Perf|Gender=Fem|Mood=Ind|Number=Sing|Tense=Past|VerbForm=Fin|Voice=Act	@be1987f-words#@be1987f#548.941#549.45							
564	÷òîî	÷òî	SCONJ	_	@be1987f-words#@be1987f#549.45#549.96							
565	ìì	ìì	INTJ	_	@be1987f-words#@be1987f#549.96#550.41							
566	ñ	ñ	ADP	_	@be1987f-words#@be1987f#550.41#550.797							
567	ìàòîì	ìàò	NOUN	Animacy=Inan|Case=Ins|Gender=Masc|Number=Sing	@be1987f-words#@be1987f#550.797#551.184							
568	ó	ó	ADP	_	@be1987f-words#@be1987f#551.184#551.571							
569	âàñ	âû	PRON	Case=Gen|Number=Plur|Person=2	@be1987f-words#@be1987f#551.571#551.96							
570	âîò	âîò	PART	_	@be1987f-words#@be1987f#551.96#552.14							
571	ìû	ìû	PRON	Case=Nom|Number=Plur|Person=1	@be1987f-words#@be1987f#552.14#552.32							
572	ýòî	ýòî	PRON	Animacy=Inan|Case=Acc|Gender=Neut|Number=Sing	@be1987f-words#@be1987f#552.32#552.5							
573	íå	íå	PART	_	@be1987f-words#@be1987f#552.5#552.68							
574	óñïåëè	óñïåòü	VERB	Aspect=Perf|Mood=Ind|Number=Plur|Tense=Past|VerbForm=Fin|Voice=Act	@be1987f-words#@be1987f#552.68#552.86							
575	îáñóäèòü	îáñóäèòü	VERB	Aspect=Perf|VerbForm=Inf|Voice=Act	@be1987f-words#@be1987f#552.86#553.04							
576	íà	íà	ADP	_	@be1987f-words#@be1987f#553.04#553.22							
577	êàìåðó	êàìåðà	NOUN	Animacy=Inan|Case=Acc|Gender=Fem|Number=Sing	@be1987f-words#@be1987f#553.22#553.4							
578	íî	íî	CCONJ	_	@be1987f-words#@be1987f#553.4#553.602							
579	ìû	ìû	PRON	Case=Nom|Number=Plur|Person=1	@be1987f-words#@be1987f#553.602#553.804							
580	ýòî	ýòî	PRON	Animacy=Inan|Case=Acc|Gender=Neut|Number=Sing	@be1987f-words#@be1987f#553.804#554.006							
581	îáñóäèëè	îáñóäèòü	VERB	Aspect=Perf|Mood=Ind|Number=Plur|Tense=Past|VerbForm=Fin|Voice=Act	@be1987f-words#@be1987f#554.006#554.21							
582	çíà÷èò	çíà÷èò	PART	_	@be1987f-words#@be1987f#554.21#554.49							
583	äî	äî	ADP	_	@be1987f-words#@be1987f#554.495#554.652							
584	ýòîãî	ýòî	PRON	Animacy=Inan|Case=Gen|Gender=Neut|Number=Sing	@be1987f-words#@be1987f#554.652#554.81							
585	âîò	âîò	PART	_	@be1987f-words#@be1987f#554.81#555.16							
586	ïðî	ïðî	ADP	_	@be1987f-words#@be1987f#555.16#555.425							
587	ìàò	ìàò	NOUN	Animacy=Inan|Case=Acc|Gender=Masc|Number=Sing	@be1987f-words#@be1987f#555.425#555.69							
588	â	â	ADP	_	@be1987f-words#@be1987f#555.69#556.157							
589	ñåðèàëàõ	ñåðèàë	NOUN	Animacy=Inan|Case=Loc|Gender=Masc|Number=Plur	@be1987f-words#@be1987f#556.157#556.625							
590	è	è	CCONJ	_	@be1987f-words#@be1987f#559.42#559.627							
591	âîîáùå	âîîáùå	ADV	_	@be1987f-words#@be1987f#559.627#559.834							
592	ïðî	ïðî	ADP	_	@be1987f-words#@be1987f#559.834#560.041							
593	ìàò	ìàò	NOUN	Animacy=Inan|Case=Acc|Gender=Masc|Number=Sing	@be1987f-words#@be1987f#560.041#560.25							
594	íó	íó	PART	_	@be1987f-words#@be1987f#648.31#648.517							
595	ìíå	ÿ	PRON	Case=Dat|Number=Sing|Person=1	@be1987f-words#@be1987f#648.517#648.724							
596	êàæåòñÿ	êàçàòüñÿ	VERB	Aspect=Imp|Mood=Ind|Number=Sing|Person=3|Tense=Pres|VerbForm=Fin|Voice=Mid	@be1987f-words#@be1987f#648.724#648.931							
597	÷òî	÷òî	SCONJ	_	@be1987f-words#@be1987f#648.931#649.138							
598	çíàåøü	çíàòü	VERB	Aspect=Imp|Mood=Ind|Number=Sing|Person=2|Tense=Pres|VerbForm=Fin|Voice=Mid	@be1987f-words#@be1987f#649.138#649.345							
599	åñëè	åñëè	SCONJ	_	@be1987f-words#@be1987f#649.345#650.035							
600	îíà	îíà	PRON	Case=Nom|Gender=Fem|Number=Sing|Person=3	@be1987f-words#@be1987f#650.035#650.725							
601	òàáóèðóåòñÿ	òàáóèðîâàòüñÿ	VERB	Aspect=Imp|Mood=Ind|Number=Sing|Person=3|Tense=Pres|VerbForm=Fin|Voice=Mid	@be1987f-words#@be1987f#650.725#651.415							
602	ýý	ýý	INTJ	_	@be1987f-words#@be1987f#651.485#651.725							
603	îíà	îíà	PRON	Case=Nom|Gender=Fem|Number=Sing|Person=3	@be1987f-words#@be1987f#651.85#652.217							
604	òóò	òóò	ADV	_	@be1987f-words#@be1987f#652.217#652.584							
605	æå	æå	PART	_	@be1987f-words#@be1987f#652.584#652.951							
606	ñîçäà¸ò	ñîçäàâàòü	VERB	Aspect=Imp|Mood=Ind|Number=Sing|Person=3|Tense=Pres|VerbForm=Fin|Voice=Act	@be1987f-words#@be1987f#652.951#653.32							
607	ý	ý	INTJ	_	@be1987f-words#@be1987f#653.39#653.905							
608	ïðîñòî	ïðîñòî	PART	_	@be1987f-words#@be1987f#653.905#654.42							
609	íåçäîðîâûé	íåçäîðîâûé	ADJ	Case=Acc|Degree=Pos|Gender=Masc|Number=Sing	@be1987f-words#@be1987f#654.42#654.935							
610	èíòåðåñ	èíòåðåñ	NOUN	Animacy=Inan|Case=Acc|Gender=Masc|Number=Sing	@be1987f-words#@be1987f#654.935#655.45							
611	è	è	CCONJ	_	@be1987f-words#@be1987f#655.475#655.785							
612	æåëàíèå	æåëàíèå	NOUN	Animacy=Inan|Case=Acc|Gender=Neut|Number=Sing	@be1987f-words#@be1987f#655.785#656.095							
613	âîò	âîò	PART	_	@be1987f-words#@be1987f#656.92#657.21							
614	ýòî	ýòîò	PART	_	@be1987f-words#@be1987f#657.21#657.5							
615	âîò	âîò	PART	_	@be1987f-words#@be1987f#657.5#657.79							
616	òèïà	òèïà	PART	_	@be1987f-words#@be1987f#657.79#658.08							
617	ààà	àà	INTJ	_	@be1987f-words#@be1987f#658.08#658.37							
618	ÿ	ÿ	PRON	Case=Nom|Number=Sing|Person=1	@be1987f-words#@be1987f#658.37#658.601							
619	ïîòîìó	ïîòîìó	SCONJ	_	@be1987f-words#@be1987f#658.601#658.832							
620	÷òî	÷òî	SCONJ	_	@be1987f-words#@be1987f#658.832#659.063							
621	òîæå	òîæå	CCONJ	_	@be1987f-words#@be1987f#659.063#659.294							
622	ïîìíþ	ïîìíèòü	VERB	Aspect=Imp|Mood=Ind|Number=Sing|Person=1|Tense=Pres|VerbForm=Fin|Voice=Act	@be1987f-words#@be1987f#659.294#659.525							
623	÷òî	÷òî	SCONJ	_	@be1987f-words#@be1987f#659.525#659.756							
624	ó	ó	ADP	_	@be1987f-words#@be1987f#659.756#659.987							
625	ìåíÿ	ÿ	PRON	Case=Gen|Number=Sing|Person=1	@be1987f-words#@be1987f#659.987#660.218							
626	ïàïà	ïàïà	NOUN	Animacy=Anim|Case=Nom|Gender=Masc|Number=Sing	@be1987f-words#@be1987f#660.218#660.449							
627	íèêîãäà	íèêîãäà	ADV	_	@be1987f-words#@be1987f#660.449#660.68							
628	íå	íå	PART	_	@be1987f-words#@be1987f#660.68#660.911							
629	ýý	ýý	INTJ	_	@be1987f-words#@be1987f#660.911#661.15							
630	ñòåñíÿëñÿ	ñòåñíÿòüñÿ	VERB	Aspect=Imp|Gender=Masc|Mood=Ind|Number=Sing|Tense=Past|VerbForm=Fin|Voice=Mid	@be1987f-words#@be1987f#661.165#661.579							
631	ïðè	ïðè	ADP	_	@be1987f-words#@be1987f#661.579#661.993							
632	ìíå	ÿ	PRON	Case=Dat|Number=Sing|Person=1	@be1987f-words#@be1987f#661.993#662.407							
633	òàì	òàì	ADV	_	@be1987f-words#@be1987f#662.407#662.821							
634	ìàòåðèòüñÿ	ìàòåðèòüñÿ	VERB	Aspect=Imp|VerbForm=Inf|Voice=Mid	@be1987f-words#@be1987f#662.821#663.235							
635	èè	è	CCONJ	_	@be1987f-words#@be1987f#663.59#664.15							
636	ÿÿ	ÿ	PRON	Case=Nom|Number=Sing|Person=1	@be1987f-words#@be1987f#664.15#665.21							
637	íó	íó	PART	_	@be1987f-words#@be1987f#665.21#665.543							
638	òî	òî	PART	_	@be1987f-words#@be1987f#665.543#665.876							
639	åñòü	áûòü	PART	_	@be1987f-words#@be1987f#665.876#666.21							
640	ÿ	ÿ	PRON	Case=Nom|Number=Sing|Person=1	@be1987f-words#@be1987f#666.21#666.505							
641	ìíå	ÿ	PRON	Case=Dat|Number=Sing|Person=1	@be1987f-words#@be1987f#666.505#666.8							
642	êàæåòñÿ	êàçàòüñÿ	VERB	Aspect=Imp|Mood=Ind|Number=Sing|Person=3|Tense=Pres|VerbForm=Fin|Voice=Mid	@be1987f-words#@be1987f#666.8#667.095							
643	êëàññå	êëàññ	NOUN	Animacy=Inan|Case=Loc|Gender=Masc|Number=Sing	@be1987f-words#@be1987f#667.095#667.39							
644	â	â	ADP	_	@be1987f-words#@be1987f#667.39#667.685							
645	øåñòîì	øåñòîé	NUM	Case=Loc|Degree=Pos|Gender=Masc|Number=Sing	@be1987f-words#@be1987f#667.685#667.98							
646	â	â	ADP	_	@be1987f-words#@be1987f#667.98#668.51							
647	ñåäüìîì	ñåäüìîé	NUM	Case=Loc|Degree=Pos|Gender=Masc|Number=Sing	@be1987f-words#@be1987f#668.51#669.04							
648	ãäå-òî	ãäå-òî	ADV	_	@be1987f-words#@be1987f#669.04#669.461							
649	íà	íà	ADP	_	@be1987f-words#@be1987f#669.461#669.882							
650	îòäûõå	îòäûõ	NOUN	Animacy=Inan|Case=Loc|Gender=Masc|Number=Sing	@be1987f-words#@be1987f#669.882#670.305							
651	ýì	ýì	INTJ	_	@be1987f-words#@be1987f#670.31#671.13							
652	óçíàëà	óçíàòü	VERB	Aspect=Perf|Gender=Fem|Mood=Ind|Number=Sing|Tense=Past|VerbForm=Fin|Voice=Act	@be1987f-words#@be1987f#671.135#671.476							
653	âñå	âåñü	DET	Case=Acc|Number=Plur	@be1987f-words#@be1987f#671.476#671.817							
654	ìàòåðíûå	ìàòåðíûé	ADJ	Animacy=Inan|Case=Acc|Degree=Pos|Number=Plur	@be1987f-words#@be1987f#671.817#672.158							
655	ñëîâà	ñëîâî	NOUN	Animacy=Inan|Case=Acc|Gender=Neut|Number=Plur	@be1987f-words#@be1987f#672.158#672.499							
656	ñ	ñ	ADP	_	@be1987f-words#@be1987f#672.499#672.84							
657	íó	íó	PART	_	@be1987f-words#@be1987f#672.84#673.186							
658	ó	ó	ADP	_	@be1987f-words#@be1987f#673.186#673.532							
659	äåâî÷åê	äåâî÷êà	NOUN	Animacy=Anim|Case=Gen|Gender=Fem|Number=Plur	@be1987f-words#@be1987f#673.532#673.878							
660	êàêèõ-òî	êàêîé-òî	DET	Case=Gen|Number=Plur	@be1987f-words#@be1987f#673.878#674.224							
661	ñïðîñèëà	ñïðîñèòü	VERB	Aspect=Perf|Gender=Fem|Mood=Ind|Number=Sing|Tense=Past|VerbForm=Fin|Voice=Act	@be1987f-words#@be1987f#674.224#674.57							
662	÷¸	÷òî	SCONJ	_	@be1987f-words#@be1987f#674.57#674.775							
663	îíè	îíè	PRON	Case=Nom|Number=Plur|Person=3	@be1987f-words#@be1987f#674.775#674.98							
664	çíà÷àò	çíà÷èòü	VERB	Aspect=Imp|Mood=Ind|Number=Plur|Person=3|Tense=Pres|VerbForm=Fin|Voice=Act	@be1987f-words#@be1987f#674.98#675.185							
665	äî	äî	ADP	_	@be1987f-words#@be1987f#675.185#675.462							
666	ýòîãî	ýòî	PRON	Animacy=Inan|Case=Gen|Gender=Neut|Number=Sing	@be1987f-words#@be1987f#675.462#675.739							
667	ìíå	ÿ	PRON	Case=Dat|Number=Sing|Person=1	@be1987f-words#@be1987f#675.739#676.016							
668	áûëî	áûòü	AUX	Aspect=Imp|Gender=Neut|Mood=Ind|Number=Sing|Tense=Past|VerbForm=Fin|Voice=Act	@be1987f-words#@be1987f#676.016#676.293							
669	ïðîñòî	ïðîñòî	PART	_	@be1987f-words#@be1987f#676.293#676.57							
670	íó	íó	PART	_	@be1987f-words#@be1987f#676.57#676.847							
671	íå	íå	PART	_	@be1987f-words#@be1987f#676.847#677.124							
672	î÷åíü	î÷åíü	ADV	_	@be1987f-words#@be1987f#677.124#677.401							
673	èíòåðåñíî	èíòåðåñíî	ADV	Degree=Pos	@be1987f-words#@be1987f#677.401#677.685							
674	àý	àý	INTJ	_	@be1987f-words#@be1987f#678.96#679.29							
675	ñêàæè	ñêàçàòü	VERB	Aspect=Perf|Mood=Imp|Number=Sing	@be1987f-words#@be1987f#679.29#679.656							
676	êñòàòè	êñòàòè	PART	_	@be1987f-words#@be1987f#679.656#680.022							
677	âîò	âîò	PART	_	@be1987f-words#@be1987f#680.022#680.39							
678	êîíòåíò	êîíòåíò	NOUN	Animacy=Inan|Case=Acc|Gender=Masc|Number=Sing	@be1987f-words#@be1987f#680.395#681.045							
679	êîòîðûé	êîòîðûé	SCONJ	_	@be1987f-words#@be1987f#681.045#681.501							
680	ìîæíî	ìîæíî	ADV	_	@be1987f-words#@be1987f#681.501#681.957							
681	ñìîòðåòü	ñìîòðåòü	VERB	Aspect=Imp|VerbForm=Inf|Voice=Act	@be1987f-words#@be1987f#681.957#682.413							
682	ðåá¸íêó	ðåá¸íîê	NOUN	Animacy=Anim|Case=Dat|Gender=Masc|Number=Sing	@be1987f-words#@be1987f#682.413#682.87							
683	ý	ý	INTJ	_	@be1987f-words#@be1987f#682.87#683.32							
684	êàê	êàê	SCONJ	_	@be1987f-words#@be1987f#683.32#683.675							
685	òû	òû	PRON	Case=Nom|Number=Sing|Person=2	@be1987f-words#@be1987f#683.675#684.03							
686	òàì	òàì	ADV	_	@be1987f-words#@be1987f#684.03#684.385							
687	ýòî	ýòî	PRON	Animacy=Inan|Case=Acc|Gender=Neut|Number=Sing	@be1987f-words#@be1987f#684.385#684.74							
688	îïðåäåëÿåøü	îïðåäåëÿòü	VERB	Aspect=Imp|Mood=Ind|Number=Sing|Person=2|Tense=Pres|VerbForm=Fin|Voice=Act	@be1987f-words#@be1987f#684.74#685.095							
689	ýý	ýý	INTJ	_	@be1987f-words#@be1987f#685.46#686.21							
690	ñëîæíûå	ñëîæíûé	ADJ	Animacy=Inan|Case=Acc|Degree=Pos|Number=Plur	@be1987f-words#@be1987f#686.22#686.68							
691	òåìû	òåìà	NOUN	Animacy=Inan|Case=Acc|Gender=Fem|Number=Plur	@be1987f-words#@be1987f#686.68#687.14							
692	êàêèå-òî	êàêîé-òî	DET	Case=Acc|Number=Plur	@be1987f-words#@be1987f#687.14#687.6							
693	íó	íó	PART	_	@be1987f-words#@be1987f#687.6#687.81							
694	âîò	âîò	PART	_	@be1987f-words#@be1987f#687.81#688.02							
695	òå	òîò	DET	Case=Acc|Number=Plur	@be1987f-words#@be1987f#688.02#688.23							
696	æå	æå	PART	_	@be1987f-words#@be1987f#688.23#688.44							
697	êàêèå-òî	êàêîé-òî	DET	Case=Acc|Number=Plur	@be1987f-words#@be1987f#688.44#688.65							
698	òàì	òàì	ADV	_	@be1987f-words#@be1987f#688.65#688.86							
699	ãîìîñåêñóàëüíûå	ãîìîñåêñóàëüíûé	ADJ	Animacy=Inan|Case=Acc|Degree=Pos|Number=Plur	@be1987f-words#@be1987f#688.87#689.7							
700	èñòîðèè	èñòîðèÿ	NOUN	Animacy=Inan|Case=Acc|Gender=Fem|Number=Plur	@be1987f-words#@be1987f#689.7#690.53							
701	ñåêñ	ñåêñ	NOUN	Animacy=Inan|Case=Acc|Gender=Masc|Number=Sing	@be1987f-words#@be1987f#690.53#691.52							
702	íàðêîòèêè	íàðêîòèê	NOUN	Animacy=Inan|Case=Acc|Gender=Masc|Number=Plur	@be1987f-words#@be1987f#691.52#692.565							
703	#ñìå¸òñÿ#	#ñìå¸òñÿ#	VERB	_	@be1987f-words#@be1987f#729.73#730.22							
704	ìíå	ÿ	PRON	Case=Dat|Number=Sing|Person=1	@be1987f-words#@be1987f#749.61#750.015							
705	êàæåòñÿ	êàçàòüñÿ	VERB	Aspect=Imp|Mood=Ind|Number=Sing|Person=3|Tense=Pres|VerbForm=Fin|Voice=Mid	@be1987f-words#@be1987f#750.015#750.42							
706	ýòî	ýòî	PART	_	@be1987f-words#@be1987f#750.42#750.825							
707	íó	íó	PART	_	@be1987f-words#@be1987f#750.825#751.23							
708	íå	íå	PART	_	@be1987f-words#@be1987f#751.24#751.536							
709	õî÷åòñÿ	õîòåòüñÿ	VERB	Aspect=Imp|Mood=Ind|Number=Sing|Person=3|Tense=Pres|VerbForm=Fin|Voice=Mid	@be1987f-words#@be1987f#751.536#751.832							
710	ñìîðåòü	ñìîðåòü	VERB	Aspect=Imp|VerbForm=Inf|Voice=Act	@be1987f-words#@be1987f#751.832#752.128							
711	òàì	òàì	ADV	_	@be1987f-words#@be1987f#752.128#752.424							
712	ïðàâèëüíî	ïðàâèëüíî	ADV	Degree=Pos	@be1987f-words#@be1987f#752.424#752.72							
713	òàì	òàì	ADV	_	@be1987f-words#@be1987f#752.72#753.016							
714	èëè	èëè	CCONJ	_	@be1987f-words#@be1987f#753.016#753.312							
715	íåïðàâèëüíî	íåïðàâèëüíî	ADV	Degree=Pos	@be1987f-words#@be1987f#753.312#753.61							
716	íî	íî	CCONJ	_	@be1987f-words#@be1987f#753.65#753.855							
717	ìíå	ÿ	PRON	Case=Dat|Number=Sing|Person=1	@be1987f-words#@be1987f#753.855#754.06							
718	êàæåòñÿ	êàçàòüñÿ	VERB	Aspect=Imp|Mood=Ind|Number=Sing|Person=3|Tense=Pres|VerbForm=Fin|Voice=Mid	@be1987f-words#@be1987f#754.06#754.265							
719	÷òî	÷òî	SCONJ	_	@be1987f-words#@be1987f#754.265#754.47							
720	ýòî	ýòî	PART	_	@be1987f-words#@be1987f#754.47#754.675							
721	çäîðîâî	çäîðîâî	ADV	Degree=Pos	@be1987f-words#@be1987f#754.675#754.88							
722	÷òî	÷òî	SCONJ	_	@be1987f-words#@be1987f#754.88#755.09							
723	ý	ý	INTJ	_	@be1987f-words#@be1987f#755.52#756.07							
724	òû	òû	PRON	Case=Nom|Number=Sing|Person=2	@be1987f-words#@be1987f#756.095#756.426							
725	äà¸øü	äàâàòü	VERB	Aspect=Imp|Mood=Ind|Number=Sing|Person=2|Tense=Pres|VerbForm=Fin|Voice=Act	@be1987f-words#@be1987f#756.426#756.757							
726	åìó	îí	PRON	Case=Dat|Gender=Masc|Number=Sing|Person=3	@be1987f-words#@be1987f#756.757#757.088							
727	ïðîñòðàíñòâî	ïðîñòðàíñòâî	NOUN	Animacy=Inan|Case=Acc|Gender=Neut|Number=Sing	@be1987f-words#@be1987f#757.088#757.419							
728	êàêîå-òî	êàêîé-òî	DET	Case=Acc|Gender=Neut|Number=Sing	@be1987f-words#@be1987f#757.419#757.75							
729	ñâî¸	ñâîé	DET	Case=Acc|Gender=Neut|Number=Sing	@be1987f-words#@be1987f#757.75#758.085							
730	íó	íó	PART	_	@be1987f-words#@be1987f#758.09#758.317							
731	îíî	îíî	PRON	Case=Nom|Gender=Neut|Number=Sing|Person=3	@be1987f-words#@be1987f#758.317#758.544							
732	äîëæíî	äîëæåí	ADJ	Degree=Pos|Gender=Neut|Number=Sing|Variant=Short	@be1987f-words#@be1987f#758.544#758.771							
733	áûòü	áûòü	AUX	Aspect=Imp|VerbForm=Inf|Voice=Act	@be1987f-words#@be1987f#758.771#758.998							
734	íî	íî	CCONJ	_	@be1987f-words#@be1987f#758.998#759.225							
735	ïîëòîðà	ïîëòîðà	NUM	Case=Acc|Gender=Masc	@be1987f-words#@be1987f#759.225#759.452							
736	÷àñà	÷àñ	NOUN	Animacy=Inan|Case=Gen|Gender=Masc|Number=Sing	@be1987f-words#@be1987f#759.452#759.68							
737	ýòî	ýòî	PART	_	@be1987f-words#@be1987f#759.68#759.895							
738	íå	íå	PART	_	@be1987f-words#@be1987f#759.895#760.11							
739	òàê	òàê	ADV	Degree=Pos	@be1987f-words#@be1987f#760.11#760.325							
740	ìíîãî	ìíîãî	ADV	Degree=Pos	@be1987f-words#@be1987f#760.325#760.54							
741	õîòÿ	õîòÿ	SCONJ	_	@be1987f-words#@be1987f#760.54#761.015							
742	êîíå÷íî	êîíå÷íî	ADV	_	@be1987f-words#@be1987f#761.015#761.49							
743	íó	íó	PART	_	@be1987f-words#@be1987f#766.57#766.752							
744	ÿ	ÿ	PRON	Case=Nom|Number=Sing|Person=1	@be1987f-words#@be1987f#766.752#766.934							
745	íå	íå	PART	_	@be1987f-words#@be1987f#766.934#767.116							
746	çíàþ	çíàòü	VERB	Aspect=Imp|Mood=Ind|Number=Sing|Person=1|Tense=Pres|VerbForm=Fin|Voice=Act	@be1987f-words#@be1987f#767.116#767.298							
747	ÿ	ÿ	PRON	Case=Nom|Number=Sing|Person=1	@be1987f-words#@be1987f#767.298#767.48							
748	òû	òû	PRON	Case=Nom|Number=Sing|Person=2	@be1987f-words#@be1987f#767.49#767.651							
749	çíàåøü	çíàòü	VERB	Aspect=Imp|Mood=Ind|Number=Sing|Person=2|Tense=Pres|VerbForm=Fin|Voice=Act	@be1987f-words#@be1987f#767.651#767.812							
750	âîò	âîò	PART	_	@be1987f-words#@be1987f#767.812#767.973							
751	÷åñòíî	÷åñòíî	PART	Degree=Pos	@be1987f-words#@be1987f#767.973#768.134							
752	ìîãó	ìî÷ü	VERB	Aspect=Imp|Mood=Ind|Number=Sing|Person=1|Tense=Pres|VerbForm=Fin|Voice=Act	@be1987f-words#@be1987f#768.134#768.295							
753	òå	òåáå	PRON	Case=Acc|Number=Sing	@be1987f-words#@be1987f#768.295#768.456							
754	ñêàçàòü	ñêàçàòü	VERB	Aspect=Perf|VerbForm=Inf|Voice=Act	@be1987f-words#@be1987f#768.456#768.62							
755	ÿ	ÿ	PRON	Case=Nom|Number=Sing|Person=1	@be1987f-words#@be1987f#768.64#769.014							
756	â÷åðà	â÷åðà	ADV	Degree=Pos	@be1987f-words#@be1987f#769.014#769.388							
757	ïðî÷èòàëà	ïðî÷èòàòü	VERB	Aspect=Perf|Gender=Fem|Mood=Ind|Number=Sing|Tense=Past|VerbForm=Fin|Voice=Act	@be1987f-words#@be1987f#769.388#769.762							
758	êàêîé-òî	êàêîé-òî	DET	Case=Acc|Gender=Masc|Number=Sing	@be1987f-words#@be1987f#769.762#770.136							
759	ìàòåðèàë	ìàòåðèàë	NOUN	Animacy=Inan|Case=Acc|Gender=Masc|Number=Sing	@be1987f-words#@be1987f#770.136#770.51							
760	ïðî	ïðî	ADP	_	@be1987f-words#@be1987f#770.51#770.884							
761	ïåäîôèëîâ	ïåäîôèë	NOUN	Animacy=Anim|Case=Gen|Gender=Masc|Number=Plur	@be1987f-words#@be1987f#770.884#771.26							
762	à	à	CCONJ	_	@be1987f-words#@be1987f#771.86#772.375							
763	èè	è	CCONJ	_	@be1987f-words#@be1987f#772.375#772.89							
764	òàì	òàì	ADV	Degree=Pos	@be1987f-words#@be1987f#772.92#773.595							
765	äîâîëüíîî	äîâîëüíî	ADV	Degree=Pos	@be1987f-words#@be1987f#773.595#774.27							
766	ýý	ýý	INTJ	_	@be1987f-words#@be1987f#774.68#775.98							
767	õîðîøèé	õîðîøèé	ADJ	Animacy=Inan|Case=Acc|Degree=Pos|Gender=Masc|Number=Sing	@be1987f-words#@be1987f#776.01#776.495							
768	ìàòåðèàë	ìàòåðèàë	NOUN	Animacy=Inan|Case=Acc|Gender=Masc|Number=Sing	@be1987f-words#@be1987f#776.495#776.98							
769	ïî-ìîåìó	ïî-ìîåìó	ADV	Degree=Pos	@be1987f-words#@be1987f#776.98#777.216							
770	òî	òî	CCONJ	_	@be1987f-words#@be1987f#777.216#777.452							
771	ëè	ëè	CCONJ	_	@be1987f-words#@be1987f#777.452#777.688							
772	íà	íà	ADP	_	@be1987f-words#@be1987f#777.688#777.924							
773	ìåëå	ìåë	NOUN	Animacy=Inan|Case=Loc|Gender=Masc|Number=Sing	@be1987f-words#@be1987f#777.924#778.16							
774	òî	òî	CCONJ	_	@be1987f-words#@be1987f#778.16#778.396							
775	ëè	ëè	CCONJ	_	@be1987f-words#@be1987f#778.396#778.632							
776	íà	íà	ADP	_	@be1987f-words#@be1987f#778.632#778.868							
777	÷èïñå	÷èïñà	NOUN	Animacy=Inan|Case=Loc|Gender=Fem|Number=Sing	@be1987f-words#@be1987f#778.868#779.11							
778	òèï	òèï	PART	_	@be1987f-words#@be1987f#779.11#779.414							
779	â	â	ADP	_	@be1987f-words#@be1987f#779.414#779.718							
780	êàêîì-òî	êàêîé-òî	DET	Case=Loc|Gender=Masc|Number=Sing	@be1987f-words#@be1987f#779.718#780.022							
781	óâàæàåìîì	óâàæàòü	VERB	Aspect=Imp|Case=Loc|Gender=Neut|Number=Sing|Tense=Pres|VerbForm=Part|Voice=Pass	@be1987f-words#@be1987f#780.022#780.326							
782	ñåáÿ	ñåáÿ	PRON	Case=Acc	@be1987f-words#@be1987f#780.326#780.63							
783	óâàæàåìîì	óâàæàòü	VERB	Aspect=Imp|Case=Loc|Gender=Neut|Number=Sing|Tense=Pres|VerbForm=Part|Voice=Pass	@be1987f-words#@be1987f#780.64#781.425							
784	èçäàíèè	èçäàíèå	NOUN	Animacy=Inan|Case=Loc|Gender=Neut|Number=Sing	@be1987f-words#@be1987f#781.425#782.21							
785	ý	ý	INTJ	_	@be1987f-words#@be1987f#782.3#782.7							
786	è	è	CCONJ	_	@be1987f-words#@be1987f#782.72#783.1							
787	òàì	òàì	ADV	_	@be1987f-words#@be1987f#783.1#783.48							
788	ýý	ýý	INTJ	_	@be1987f-words#@be1987f#783.48#783.86							
789	äåâóøêà	äåâóøêà	NOUN	Animacy=Anim|Case=Nom|Gender=Fem|Number=Sing	@be1987f-words#@be1987f#783.87#784.73							
790	ñäåëàëà	ñäåëàòü	VERB	Aspect=Perf|Gender=Fem|Mood=Ind|Number=Sing|Tense=Past|VerbForm=Fin|Voice=Act	@be1987f-words#@be1987f#784.73#785.59							
791	ñàìîñòîÿòåëüíîå	ñàìîñòîÿòåëüíûé	ADJ	Case=Acc|Degree=Pos|Gender=Neut|Number=Sing	@be1987f-words#@be1987f#785.59#786.41							
792	òàêîå	òàêîé	DET	Case=Acc|Gender=Neut|Number=Sing	@be1987f-words#@be1987f#786.41#787.23							
793	èññëåäîâàíèå	èññëåäîâàíèå	NOUN	Animacy=Inan|Case=Acc|Gender=Neut|Number=Sing	@be1987f-words#@be1987f#787.23#788.07							
794	ãäå	ãäå	ADV	_	@be1987f-words#@be1987f#788.07#788.411							
795	îíà	îíà	PRON	Case=Nom|Gender=Fem|Number=Sing|Person=3	@be1987f-words#@be1987f#788.411#788.752							
796	ðàññêàçàëà	ðàññêàçàòü	VERB	Aspect=Perf|Gender=Fem|Mood=Ind|Number=Sing|Tense=Past|VerbForm=Fin|Voice=Act	@be1987f-words#@be1987f#788.752#789.093							
797	êòî	êòî	CCONJ	_	@be1987f-words#@be1987f#789.093#789.434							
798	îíè	îíè	PRON	Case=Nom|Number=Plur|Person=3	@be1987f-words#@be1987f#789.434#789.775							
799	îòêóäà	îòêóäà	CCONJ	_	@be1987f-words#@be1987f#789.775#790.116							
800	îíè	îíè	PRON	Case=Nom|Number=Plur|Person=3	@be1987f-words#@be1987f#790.116#790.457							
801	áåðóòñÿ	áðàòüñÿ	VERB	Aspect=Imp|Mood=Ind|Number=Plur|Person=3|Tense=Pres|VerbForm=Fin|Voice=Mid	@be1987f-words#@be1987f#790.457#790.8							
802	ý	ý	INTJ	_	@be1987f-words#@be1987f#790.8#791.3							
803	÷òî	÷òî	SCONJ	_	@be1987f-words#@be1987f#791.3#791.542							
804	ýòî	ýòî	PRON	Animacy=Inan|Case=Nom|Gender=Neut|Number=Sing	@be1987f-words#@be1987f#791.542#791.784							
805	÷àñòî	÷àñòî	ADV	Degree=Pos	@be1987f-words#@be1987f#791.784#792.026							
806	òàì	òàì	ADV	Degree=Pos	@be1987f-words#@be1987f#792.026#792.268							
807	êòî-òî	êòî-òî	PRON	Case=Nom	@be1987f-words#@be1987f#792.268#792.51							
808	èç	èç	ADP	_	@be1987f-words#@be1987f#792.51#793.0							
809	ýý	ýý	INTJ	_	@be1987f-words#@be1987f#793.0#793.49							
810	âîîáùå	âîîáùå	ADV	Degree=Pos	@be1987f-words#@be1987f#793.49#793.89							
811	ðîäñòâåííèêîâ	ðîäñòâåííèê	NOUN	Animacy=Anim|Case=Gen|Gender=Masc|Number=Plur	@be1987f-words#@be1987f#793.89#794.29							
812	èëè	èëè	CCONJ	_	@be1987f-words#@be1987f#794.29#794.69							
813	çíàêîìûõ	çíàêîìûé	NOUN	Animacy=Anim|Case=Gen|Gender=Masc|Number=Plur	@be1987f-words#@be1987f#794.69#795.09							
814	ïîýòîìó	ïîýòîìó	ADV	Degree=Pos	@be1987f-words#@be1987f#795.58#795.86							
815	ìíå	ÿ	PRON	Case=Dat|Number=Sing|Person=1	@be1987f-words#@be1987f#795.86#796.14							
816	êàæåòñÿ	êàçàòüñÿ	VERB	Aspect=Imp|Mood=Ind|Number=Sing|Person=3|Tense=Pres|VerbForm=Fin|Voice=Mid	@be1987f-words#@be1987f#796.14#796.42							
817	÷òî	÷òî	SCONJ	_	@be1987f-words#@be1987f#796.42#796.647							
818	ìû	ìû	PRON	Case=Nom|Number=Plur|Person=1	@be1987f-words#@be1987f#796.647#796.874							
819	êîãäà	êîãäà	SCONJ	_	@be1987f-words#@be1987f#796.874#797.101							
820	ãîâîðèì	ãîâîðèòü	VERB	Aspect=Imp|Mood=Ind|Number=Plur|Person=1|Tense=Pres|VerbForm=Fin|Voice=Act	@be1987f-words#@be1987f#797.101#797.328							
821	î	î	ADP	_	@be1987f-words#@be1987f#797.328#797.555							
822	òîì	òî	PRON	Animacy=Inan|Case=Loc|Gender=Neut|Number=Sing	@be1987f-words#@be1987f#797.555#797.782							
823	÷òî	÷òî	SCONJ	_	@be1987f-words#@be1987f#797.782#798.009							
824	òàì	òàì	ADV	Degree=Pos	@be1987f-words#@be1987f#798.009#798.236							
825	â	â	ADP	_	@be1987f-words#@be1987f#798.236#798.463							
826	èíòåðíåòå	èíòåðíåò	NOUN	Animacy=Inan|Case=Loc|Gender=Masc|Number=Sing	@be1987f-words#@be1987f#798.463#798.69							
827	òàì	òàì	ADV	Degree=Pos	@be1987f-words#@be1987f#798.69#798.92							
828	òàê	òàê	ADV	Degree=Pos	@be1987f-words#@be1987f#798.925#799.247							
829	ìíîãî	ìíîãî	ADV	Degree=Pos	@be1987f-words#@be1987f#799.247#799.569							
830	âñåãî	âñå	PRON	Animacy=Inan|Case=Gen|Gender=Neut|Number=Sing	@be1987f-words#@be1987f#799.569#799.891							
831	ïëîõîãî	ïëîõîé	ADJ	Case=Gen|Degree=Pos|Gender=Neut|Number=Sing	@be1987f-words#@be1987f#799.891#800.215							
832	íó	íó	PART	_	@be1987f-words#@be1987f#800.83#801.197							
833	âñåãî	âñ¸	NOUN	Case=Gen|Gender=Neut	@be1987f-words#@be1987f#801.197#801.564							
834	ïëîõîãî	ïëîõîé	ADJ	Case=Gen|Degree=Pos|Gender=Masc|Number=Sing	@be1987f-words#@be1987f#801.564#801.931							
835	ìíîãî	ìíîãî	ADV	Degree=Pos	@be1987f-words#@be1987f#801.931#802.3							
836	íó	íó	PART	_	@be1987f-words#@be1987f#802.97#803.264							
837	íå	íå	PART	_	@be1987f-words#@be1987f#803.264#803.558							
838	òîëüêî	òîëüêî	PART	_	@be1987f-words#@be1987f#803.558#803.852							
839	â	â	ADP	_	@be1987f-words#@be1987f#803.852#804.146							
840	èíòåðíåòå	èíòåðíåò	NOUN	Animacy=Inan|Case=Loc|Gender=Masc|Number=Sing	@be1987f-words#@be1987f#804.146#804.44							
841	ïîýòîìó	ïîýòîìó	ADV	Degree=Pos	@be1987f-words#@be1987f#804.45#804.842							
842	íå	íå	PART	_	@be1987f-words#@be1987f#804.842#805.234							
843	çíàþ	çíàòü	VERB	Aspect=Imp|Mood=Ind|Number=Sing|Person=1|Tense=Pres|VerbForm=Fin|Voice=Act	@be1987f-words#@be1987f#805.234#805.626							
844	ìíå	ÿ	PRON	Case=Dat|Number=Sing|Person=1	@be1987f-words#@be1987f#805.626#806.018							
845	êàæåòñÿÿ	êàçàòüñÿ	VERB	Aspect=Imp|Mood=Ind|Number=Sing|Person=3|Tense=Pres|VerbForm=Fin|Voice=Mid	@be1987f-words#@be1987f#806.018#806.41							
846	ìíå	ÿ	PRON	Case=Dat|Number=Sing|Person=1	@be1987f-words#@be1987f#806.97#807.357							
847	êàæåòñÿ	êàçàòüñÿ	VERB	Aspect=Imp|Mood=Ind|Number=Sing|Person=3|Tense=Pres|VerbForm=Fin|Voice=Mid	@be1987f-words#@be1987f#807.357#807.744							
848	÷òî	÷òî	SCONJ	_	@be1987f-words#@be1987f#807.744#808.131							
849	åñëèè	åñëè	SCONJ	_	@be1987f-words#@be1987f#808.131#808.52							
850	÷åëîâåê	÷åëîâåê	NOUN	Animacy=Anim|Case=Nom|Gender=Masc|Number=Sing	@be1987f-words#@be1987f#808.53#808.922							
851	íå	íå	PART	_	@be1987f-words#@be1987f#808.922#809.314							
852	èùåò	èñêàòü	VERB	Aspect=Imp|Mood=Ind|Number=Sing|Person=3|Tense=Pres|VerbForm=Fin|Voice=Act	@be1987f-words#@be1987f#809.314#809.706							
853	êàêîãî-òî	êàêîé-òî	DET	Case=Gen|Gender=Masc|Number=Sing	@be1987f-words#@be1987f#809.706#810.098							
854	òàì	òàì	ADV	Degree=Pos	@be1987f-words#@be1987f#810.098#810.49							
