1	даа	да	PART	_	@ko1985f-words#@ko1985f#557.742#558.682							
2	гмм	гмм	INTJ	_	@ko1985f-words#@ko1985f#559.15#559.73							
3	мм	мм	INTJ	_	@ko1985f-words#@ko1985f#560.54#560.99							
4	это	это	PRON	_	@ko1985f-words#@ko1985f#561.49#561.87							
5	тоже	тоже	CCONJ	_	@ko1985f-words#@ko1985f#561.87#562.25							
6	такое	такой	DET	Case=Nom|Gender=Neut|Number=Sing	@ko1985f-words#@ko1985f#562.25#562.63							
7	то	то	PRON	_	@ko1985f-words#@ko1985f#562.64#562.993							
8	что	что	SCONJ	_	@ko1985f-words#@ko1985f#562.993#563.346							
9	удивляет	удивлять	VERB	Aspect=Imp|Mood=Ind|Number=Sing|Person=3|Tense=Pres|VerbForm=Fin|Voice=Act	@ko1985f-words#@ko1985f#563.346#563.7							
10	подписчиков	подписчик	NOUN	Animacy=Anim|Case=Acc|Gender=Masc|Number=Plur	@ko1985f-words#@ko1985f#563.715#564.42							
11	очень	очень	ADV	Degree=Pos	@ko1985f-words#@ko1985f#564.42#564.85							
12	сильно	сильно	ADV	Degree=Pos	@ko1985f-words#@ko1985f#564.85#565.28							
13	что	что	SCONJ	_	@ko1985f-words#@ko1985f#565.91#566.31							
14	ээ	ээ	INTJ	_	@ko1985f-words#@ko1985f#566.32#566.77							
15	наш	наш	DET	Case=Acc|Gender=Masc|Number=Sing	@ko1985f-words#@ko1985f#566.77#567.08							
16	контент	контент	NOUN	Animacy=Inan|Case=Nom|Gender=Masc|Number=Sing	@ko1985f-words#@ko1985f#567.08#567.39							
17	он	он	PRON	Case=Nom|Gender=Masc|Number=Sing|Person=3	@ko1985f-words#@ko1985f#567.39#567.853							
18	часто	часто	ADV	Degree=Pos	@ko1985f-words#@ko1985f#567.853#568.316							
19	восемнадцать	восемнадцать	NUM	Case=Nom	@ko1985f-words#@ko1985f#568.316#568.779							
20	плюс	плюс	PART	_	@ko1985f-words#@ko1985f#568.779#569.245							
21	там	там	ADV	Degree=Pos	@ko1985f-words#@ko1985f#569.245#569.592							
22	есть	быть	VERB	Aspect=Imp|Mood=Ind|Number=Sing|Person=3|Tense=Pres|VerbForm=Fin|Voice=Act	@ko1985f-words#@ko1985f#569.592#569.94							
23	секс	секс	NOUN	Animacy=Inan|Case=Acc|Gender=Masc|Number=Sing	@ko1985f-words#@ko1985f#569.94#570.423							
24	наркотики	наркотик	NOUN	Animacy=Inan|Case=Acc|Gender=Masc|Number=Plur	@ko1985f-words#@ko1985f#570.423#570.906							
25	насилие	насилие	NOUN	Animacy=Inan|Case=Acc|Gender=Neut|Number=Sing	@ko1985f-words#@ko1985f#570.906#571.39							
26	ии	и	CCONJ	_	@ko1985f-words#@ko1985f#571.39#571.98							
27	мат	мат	NOUN	Animacy=Inan|Case=Acc|Gender=Masc|Number=Sing	@ko1985f-words#@ko1985f#571.98#572.57							
28	ээ	ээ	INTJ	_	@ko1985f-words#@ko1985f#572.57#573.787							
29	до	до	ADP	_	@ko1985f-words#@ko1985f#573.787#574.397							
30	э	э	INTJ	_	@ko1985f-words#@ko1985f#574.397#574.851							
31	развода	развод	NOUN	Animacy=Inan|Case=Gen|Gender=Masc|Number=Sing	@ko1985f-words#@ko1985f#574.851#575.305							
32	мы	мы	PRON	Case=Nom|Number=Plur|Person=1	@ko1985f-words#@ko1985f#575.305#575.759							
33	озвучивали	озвучивать	VERB	Aspect=Imp|Mood=Ind|Number=Plur|Tense=Past|VerbForm=Fin|Voice=Act	@ko1985f-words#@ko1985f#575.759#576.213							
34	дома	дома	ADV	_	@ko1985f-words#@ko1985f#576.213#576.667							
35	и	и	CCONJ	_	@ko1985f-words#@ko1985f#576.667#576.989							
36	Тёма	Тёма	PROPN	Animacy=Anim|Case=Nom|Gender=Masc|Number=Sing	@ko1985f-words#@ko1985f#576.989#577.312							
37	ну	ну	PART	_	@ko1985f-words#@ko1985f#577.312#577.553							
38	получается	получаться	VERB	Aspect=Imp|Mood=Ind|Number=Sing|Person=3|Tense=Pres|VerbForm=Fin|Voice=Mid	@ko1985f-words#@ko1985f#577.553#577.794							
39	это	это	PRON	_	@ko1985f-words#@ko1985f#577.794#578.035							
40	до	до	ADP	_	@ko1985f-words#@ko1985f#578.035#578.276							
41	его	его	DET	Case=Gen|Gender=Masc|Number=Sing|Person=3	@ko1985f-words#@ko1985f#578.276#578.517							
42	трёх	три	NUM	Case=Gen	@ko1985f-words#@ko1985f#578.517#578.758							
43	лет	год	NOUN	Animacy=Inan|Case=Gen|Gender=Masc|Number=Plur	@ko1985f-words#@ko1985f#578.758#579.0							
44	он	он	PRON	Case=Nom|Gender=Masc|Number=Sing|Person=3	@ko1985f-words#@ko1985f#579.0#579.271							
45	дома	дома	ADV	_	@ko1985f-words#@ko1985f#579.271#579.542							
46	в	в	PART	_	@ko1985f-words#@ko1985f#579.542#579.813							
47	принципе	принцип	PART	_	@ko1985f-words#@ko1985f#579.813#580.084							
48	слышал	слышать	VERB	Aspect=Imp|Gender=Masc|Mood=Ind|Number=Sing|Tense=Past|VerbForm=Fin|Voice=Act|Person=3	@ko1985f-words#@ko1985f#580.084#580.355							
49	как	как	SCONJ	_	@ko1985f-words#@ko1985f#580.355#580.626							
50	из	из	ADP	_	@ko1985f-words#@ko1985f#580.626#580.897							
51	соседней	соседний	ADJ	Case=Gen|Degree=Pos|Gender=Fem|Number=Sing	@ko1985f-words#@ko1985f#580.897#581.168							
52	комнаты	комната	NOUN	Animacy=Inan|Case=Gen|Gender=Fem|Number=Sing	@ko1985f-words#@ko1985f#581.168#581.439							
53	кто-нибудь	кто-нибудь	PRON	Case=Nom	@ko1985f-words#@ko1985f#581.439#581.71							
54	орёт	орать	VERB	Aspect=Imp|Mood=Ind|Number=Sing|Person=3|Tense=Pres|VerbForm=Fin|Voice=Act	@ko1985f-words#@ko1985f#581.71#581.99							
55	или	или	CCONJ	_	@ko1985f-words#@ko1985f#581.99#582.495							
56	матерится	материться	VERB	Aspect=Imp|Mood=Ind|Number=Sing|Person=3|Tense=Pres|VerbForm=Fin|Voice=Mid	@ko1985f-words#@ko1985f#582.495#583.0							
57	но	но	CCONJ	_	@ko1985f-words#@ko1985f#583.38#583.72							
58	при	при	ADP	_	@ko1985f-words#@ko1985f#583.72#584.06							
59	этом	это	PRON	Animacy=Inan|Case=Loc|Gender=Neut|Number=Sing	@ko1985f-words#@ko1985f#584.06#584.4							
60	э	э	INTJ	_	@ko1985f-words#@ko1985f#584.4#585.33							
61	в	в	ADP	_	@ko1985f-words#@ko1985f#585.33#585.552							
62	обычной	обычный	ADJ	Case=Loc|Degree=Pos|Gender=Fem|Number=Sing	@ko1985f-words#@ko1985f#585.552#585.774							
63	жизни	жизнь	NOUN	Animacy=Inan|Case=Loc|Gender=Fem|Number=Sing	@ko1985f-words#@ko1985f#585.774#585.996							
64	мы	мы	PRON	Case=Nom|Number=Plur|Person=1	@ko1985f-words#@ko1985f#585.996#586.218							
65	друг	друг	NOUN	Animacy=Anim|Case=Nom|Gender=Masc|Number=Sing	@ko1985f-words#@ko1985f#586.218#586.44							
66	с	с	ADP	_	@ko1985f-words#@ko1985f#586.44#586.662							
67	другом	друг	NOUN	Animacy=Anim|Case=Ins|Gender=Masc|Number=Sing	@ko1985f-words#@ko1985f#586.662#586.89							
68	и	и	CCONJ	_	@ko1985f-words#@ko1985f#586.89#587.037							
69	я	я	PRON	Case=Nom|Number=Sing|Person=1	@ko1985f-words#@ko1985f#587.037#587.184							
70	с	с	ADP	_	@ko1985f-words#@ko1985f#587.184#587.331							
71	ним	ним	PRON	Case=Ins|Number=Sing|Person=3	@ko1985f-words#@ko1985f#587.331#587.48							
72	ну	ну	PART	_	@ko1985f-words#@ko1985f#587.48#587.764							
73	то	то	ADV	_	@ko1985f-words#@ko1985f#587.764#588.048							
74	есть	быть	ADV	_	@ko1985f-words#@ko1985f#588.048#588.332							
75	не	не	PART	_	@ko1985f-words#@ko1985f#588.332#588.616							
76	разговаривали	разговаривать	VERB	Aspect=Imp|Mood=Ind|Number=Plur|Tense=Past|VerbForm=Fin|Voice=Act	@ko1985f-words#@ko1985f#588.616#588.9							
77	матом	мат	NOUN	Animacy=Inan|Case=Ins|Gender=Masc|Number=Sing	@ko1985f-words#@ko1985f#588.9#589.185							
78	я	я	PRON	Case=Nom|Number=Sing|Person=1	@ko1985f-words#@ko1985f#589.185#589.7							
79	с	с	ADP	_	@ko1985f-words#@ko1985f#589.7#590.02							
80	ним	он	PRON	Case=Ins|Gender=Masc|Number=Sing|Person=3	@ko1985f-words#@ko1985f#590.02#590.34					?		
81	не	не	PART	_	@ko1985f-words#@ko1985f#590.34#590.773							
82	разговариваю	разговаривать	VERB	Aspect=Imp|Mood=Ind|Number=Sing|Person=1|Tense=Pres|VerbForm=Fin|Voice=Act	@ko1985f-words#@ko1985f#590.773#591.206							
83	матом	мат	NOUN	Animacy=Inan|Case=Ins|Gender=Masc|Number=Sing	@ko1985f-words#@ko1985f#591.206#591.64							
84	мои	мой	DET	Case=Nom|Number=Plur	@ko1985f-words#@ko1985f#591.645#591.901							
85	друзья	друг	NOUN	Animacy=Anim|Case=Nom|Gender=Masc|Number=Plur	@ko1985f-words#@ko1985f#591.901#592.157							
86	при	при	ADP	_	@ko1985f-words#@ko1985f#592.157#592.413							
87	нём	он	PRON	Case=Loc|Gender=Masc|Number=Sing|Person=3	@ko1985f-words#@ko1985f#592.413#592.669					?		
88	тоже	тоже	CCONJ	_	@ko1985f-words#@ko1985f#592.669#592.925							
89	по-моему	по-моему	ADV	_	@ko1985f-words#@ko1985f#592.925#593.181							
90	не	не	PART	_	@ko1985f-words#@ko1985f#593.181#593.437							
91	матерятся	материться	VERB	Aspect=Imp|Mood=Ind|Number=Plur|Person=3|Tense=Fut|VerbForm=Fin|Voice=Mid	@ko1985f-words#@ko1985f#593.437#593.7							
92	и	и	CCONJ	_	@ko1985f-words#@ko1985f#593.7#594.25							
93	ээ	ээ	INTJ	_	@ko1985f-words#@ko1985f#594.25#594.8							
94	в	в	PART	_	@ko1985f-words#@ko1985f#594.8#595.445							
95	итоге	итог	PART	_	@ko1985f-words#@ko1985f#595.445#596.09							
96	он	он	PRON	Case=Nom|Gender=Masc|Number=Sing|Person=3	@ko1985f-words#@ko1985f#596.09#596.46							
97	не	не	PART	_	@ko1985f-words#@ko1985f#596.46#596.83							
98	матерится	материться	VERB	Aspect=Imp|Mood=Ind|Number=Sing|Person=3|Tense=Fut|VerbForm=Fin|Voice=Mid	@ko1985f-words#@ko1985f#596.83#597.2							
99	и	и	CCONJ	_	@ko1985f-words#@ko1985f#597.2#597.666							
100	сейчас	сейчас	ADV	_	@ko1985f-words#@ko1985f#597.666#598.132							
101	г	г	INTJ	_	@ko1985f-words#@ko1985f#598.132#598.6							
102	если	если	SCONJ	_	@ko1985f-words#@ko1985f#598.6#598.858							
103	я	я	PRON	Case=Nom|Number=Sing|Person=1	@ko1985f-words#@ko1985f#598.858#599.116							
104	например	например	ADV	_	@ko1985f-words#@ko1985f#599.116#599.374							
105	разговариваю	разговаривать	VERB	Aspect=Imp|Mood=Ind|Number=Sing|Person=1|Tense=Pres|VerbForm=Fin|Voice=Act	@ko1985f-words#@ko1985f#599.374#599.632							
106	с	с	ADP	_	@ko1985f-words#@ko1985f#599.632#599.89							
107	подругой	подруга	NOUN	Animacy=Anim|Case=Ins|Gender=Fem|Number=Sing	@ko1985f-words#@ko1985f#599.89#600.148					?		
108	говорю	говорить	VERB	Aspect=Imp|Mood=Ind|Number=Sing|Person=1|Tense=Pres|VerbForm=Fin|Voice=Act	@ko1985f-words#@ko1985f#600.148#600.41							
109	да	да	PART	_	@ko1985f-words#@ko1985f#600.41#600.658							
110	там	там	ADV	_	@ko1985f-words#@ko1985f#600.658#600.906							
111	жопа	жопа	NOUN	Animacy=Inan|Case=Acc|Gender=Fem|Number=Sing	@ko1985f-words#@ko1985f#600.906#601.154							
112	какая-то	какой-то	DET	Case=Nom|Gender=Fem|Number=Sing	@ko1985f-words#@ko1985f#601.154#601.405							
113	он	он	PRON	Case=Nom|Gender=Masc|Number=Sing|Person=3	@ko1985f-words#@ko1985f#601.405#601.567							
114	там	там	ADV	_	@ko1985f-words#@ko1985f#601.567#601.73							
115	мамаа	мама	NOUN	Animacy=Anim|Case=Voc|Gender=Fem|Number=Sing	@ko1985f-words#@ko1985f#601.73#602.395							
116	типа	типа	PART	_	@ko1985f-words#@ko1985f#602.395#602.793							
117	что	что	SCONJ	_	@ko1985f-words#@ko1985f#602.793#603.191							
118	слово	слово	NOUN	Animacy=Inan|Case=Nom|Gender=Neut|Number=Sing	@ko1985f-words#@ko1985f#603.191#603.589							
119	жопа	жопа	NOUN	Animacy=Inan|Case=Nom|Gender=Fem|Number=Sing	@ko1985f-words#@ko1985f#603.589#603.99							
120	это	это	PART	_	@ko1985f-words#@ko1985f#603.99#604.326							
121	ту	слишком	X	Foreign=too	@ko1985f-words#@ko1985f#604.326#604.662							
122	мач	сильно	X	Foreign=much	@ko1985f-words#@ko1985f#604.662#605.0					?		
123	ээ	ээ	INTJ	_	@ko1985f-words#@ko1985f#605.0#605.86					?		
124	#смеётся#	#смеётся#	VERB	_	@ko1985f-words#@ko1985f#605.86#606.33							
125	но	но	CCONJ	_	@ko1985f-words#@ko1985f#606.33#607.02							
126	эм	ээ	INTJ	_	@ko1985f-words#@ko1985f#607.02#608.41							
127	год	год	NOUN	Animacy=Inan|Case=Acc|Gender=Masc|Number=Sing	@ko1985f-words#@ko1985f#608.41#608.807							
128	назад	назад	ADV	_	@ko1985f-words#@ko1985f#608.807#609.204							
129	мы	мы	PRON	Case=Nom|Number=Plur|Person=1	@ko1985f-words#@ko1985f#609.204#609.601							
130	озвучивали	озвучивать	VERB	Aspect=Imp|Mood=Ind|Number=Plur|Tense=Past|VerbForm=Fin|Voice=Act	@ko1985f-words#@ko1985f#609.601#609.998							
131	сериал	сериал	NOUN	Animacy=Inan|Case=Acc|Gender=Masc|Number=Sing	@ko1985f-words#@ko1985f#609.998#610.395							
132	Видоизменённый	Видоизменённый	PROPN	Animacy=Inan|Case=Nom|Degree=Pos|Gender=Masc|Number=Sing	@ko1985f-words#@ko1985f#610.395#610.792							
133	углерод	углерод	PROPN	Animacy=Inan|Case=Nom|Gender=Masc|Number=Sing	@ko1985f-words#@ko1985f#610.792#611.19							
134	э	э	INTJ	_	@ko1985f-words#@ko1985f#611.19#612.15							
135	он	он	PRON	Case=Nom|Gender=Masc|Number=Sing|Person=3	@ko1985f-words#@ko1985f#612.15#612.6							
136	жёсткий	жёсткий	ADJ	Case=Nom|Degree=Pos|Gender=Masc|Number=Sing	@ko1985f-words#@ko1985f#612.6#613.05							
137	я	я	PRON	Case=Nom|Number=Sing|Person=1	@ko1985f-words#@ko1985f#613.05#613.635							
138	ии	и	CCONJ	_	@ko1985f-words#@ko1985f#613.635#614.22							
139	мне	я	PRON	Case=Dat|Number=Sing|Person=1	@ko1985f-words#@ko1985f#614.22#614.507							
140	так	так	ADV	_	@ko1985f-words#@ko1985f#614.507#614.794							
141	сильно	сильно	ADV	Degree=Pos	@ko1985f-words#@ko1985f#614.794#615.081							
142	понравилась	понравиться	VERB	Aspect=Perf|Gender=Fem|Mood=Ind|Number=Sing|Tense=Past|VerbForm=Fin|Voice=Mid	@ko1985f-words#@ko1985f#615.081#615.368							
143	первая	первый	NUM	Case=Nom|Degree=Pos|Gender=Fem|Number=Sing	@ko1985f-words#@ko1985f#615.368#615.655							
144	серия	серия	NOUN	Animacy=Inan|Case=Acc|Gender=Fem|Number=Sing	@ko1985f-words#@ko1985f#615.655#615.945							
145	что	что	SCONJ	_	@ko1985f-words#@ko1985f#615.945#616.201							
146	я	я	PRON	Case=Nom|Number=Sing|Person=1	@ko1985f-words#@ko1985f#616.201#616.457							
147	пришла	прийти	VERB	Aspect=Perf|Gender=Fem|Mood=Ind|Number=Sing|Tense=Past|VerbForm=Fin|Voice=Act	@ko1985f-words#@ko1985f#616.457#616.715							
148	домой	домой	ADV	_	@ko1985f-words#@ko1985f#616.72#617.55							
149	и	и	CCONJ	_	@ko1985f-words#@ko1985f#617.55#617.97							
150	включила	включить	VERB	Aspect=Perf|Gender=Fem|Mood=Ind|Number=Sing|Tense=Past|VerbForm=Fin|Voice=Act	@ko1985f-words#@ko1985f#617.97#618.23							
151	её	она	PRON	Animacy=Inan|Case=Acc|Gender=Neut|Number=Sing	@ko1985f-words#@ko1985f#618.23#618.49							
152	и	и	CCONJ	_	@ko1985f-words#@ko1985f#618.49#618.75							
153	начала	начать	VERB	Aspect=Perf|Gender=Fem|Mood=Ind|Number=Sing|Tense=Past|VerbForm=Fin|Voice=Act	@ko1985f-words#@ko1985f#618.75#619.01							
154	смотреть	смотреть	VERB	Aspect=Imp|VerbForm=Inf|Voice=Act	@ko1985f-words#@ko1985f#619.01#619.27							
155	и	и	CCONJ	_	@ko1985f-words#@ko1985f#619.27#619.742							
156	тут	тут	ADV	_	@ko1985f-words#@ko1985f#619.742#620.214							
157	пришёл	прийти	VERB	Aspect=Perf|Gender=Masc|Mood=Ind|Number=Sing|Tense=Past|VerbForm=Fin|Voice=Act	@ko1985f-words#@ko1985f#620.214#620.686							
158	Тёма	Тёма	PROPN	Animacy=Anim|Case=Nom|Gender=Masc|Number=Sing	@ko1985f-words#@ko1985f#620.686#621.16							
159	и	и	CCONJ	_	@ko1985f-words#@ko1985f#621.16#621.41							
160	увидел	увидеть	VERB	Aspect=Perf|Gender=Masc|Mood=Ind|Number=Sing|Tense=Past|VerbForm=Fin|Voice=Act	@ko1985f-words#@ko1985f#621.41#621.66							
161	что	что	SCONJ	_	@ko1985f-words#@ko1985f#621.66#621.91							
162	я	я	PRON	Case=Nom|Number=Sing|Person=1	@ko1985f-words#@ko1985f#621.91#622.16							
163	его	его	PRON	Case=Acc	@ko1985f-words#@ko1985f#622.16#622.41							
164	смотрю	смотреть	NOUN	Aspect=Imp|Mood=Ind|Number=Sing|Person=1|Tense=Pres|VerbForm=Fin|Voice=Act	@ko1985f-words#@ko1985f#622.41#622.66							
165	и	и	CCONJ	_	@ko1985f-words#@ko1985f#622.66#623.02							
166	типа	типа	PART	_	@ko1985f-words#@ko1985f#623.02#623.38							
167	давай	давай	VERB	Aspect=Imp|Mood=Imp|Number=Sing|Person=2|VerbForm=Fin|Voice=Act	@ko1985f-words#@ko1985f#623.38#623.74							
168	я	я	PRON	Case=Nom|Number=Sing|Person=1	@ko1985f-words#@ko1985f#623.745#623.917							
169	тоже	тоже	CCONJ	_	@ko1985f-words#@ko1985f#623.917#624.089							
170	хочу	хотеть	VERB	Aspect=Imp|Mood=Ind|Number=Sing|Person=1|Tense=Pres|VerbForm=Fin|Voice=Act	@ko1985f-words#@ko1985f#624.089#624.261							
171	смотреть	смотреть	VERB	Aspect=Imp|VerbForm=Inf|Voice=Act	@ko1985f-words#@ko1985f#624.261#624.435							
172	я	я	PRON	Case=Nom|Number=Sing|Person=1	@ko1985f-words#@ko1985f#624.445#624.596							
173	говорю	говорить	VERB	Aspect=Imp|Mood=Ind|Number=Sing|Person=1|Tense=Pres|VerbForm=Fin|Voice=Act	@ko1985f-words#@ko1985f#624.596#624.747							
174	Тём	Тёма	PROPN	Animacy=Anim|Case=Voc|Gender=Masc|Number=Sing	@ko1985f-words#@ko1985f#624.747#624.9							
175	там	там	ADV	_	@ko1985f-words#@ko1985f#624.9#625.175							
176	есть	быть	VERB	Aspect=Imp|VerbForm=Inf|Voice=Act	@ko1985f-words#@ko1985f#625.175#625.45							
177	плохие	плохой	ADJ	Animacy=Inan|Case=Acc|Degree=Pos|Number=Plur	@ko1985f-words#@ko1985f#625.45#625.725							
178	слова	слово	NOUN	Animacy=Inan|Case=Acc|Gender=Neut|Number=Plur	@ko1985f-words#@ko1985f#625.725#626.0							
179	он	он	PRON	Case=Nom|Gender=Masc|Number=Sing|Person=3	@ko1985f-words#@ko1985f#626.0#626.2							
180	говорит	говорить	VERB	Aspect=Imp|Mood=Ind|Number=Sing|Person=3|Tense=Pres|VerbForm=Fin|Voice=Act	@ko1985f-words#@ko1985f#626.2#626.4							
181	я	я	PRON	Case=Nom|Number=Sing|Person=1	@ko1985f-words#@ko1985f#626.4#626.6							
182	всё	всё	PRON	Case=Acc	@ko1985f-words#@ko1985f#626.6#626.8							
183	знаю	знать	VERB	Aspect=Imp|Mood=Ind|Number=Sing|Person=1|Tense=Pres|VerbForm=Fin|Voice=Act	@ko1985f-words#@ko1985f#626.8#627.0							
184	я	я	PRON	Case=Nom|Number=Sing|Person=1	@ko1985f-words#@ko1985f#627.005#627.264							
185	не	не	PART	_	@ko1985f-words#@ko1985f#627.264#627.523							
186	буду	быть	VERB	Aspect=Imp|Mood=Ind|Number=Sing|Person=1|Tense=Pres|VerbForm=Fin|Voice=Act	@ko1985f-words#@ko1985f#627.523#627.782							
187	их	они	PRON	Case=Acc|Number=Plur|Person=3	@ko1985f-words#@ko1985f#627.782#628.041							
188	запоминать	запоминать	VERB	Aspect=Imp|VerbForm=Inf|Voice=Act	@ko1985f-words#@ko1985f#628.041#628.3							
189	пожалуйста	пожалуйста	PART	_	@ko1985f-words#@ko1985f#628.3#628.725							
190	там	там	ADV	_	@ko1985f-words#@ko1985f#628.725#629.15							
191	очень	очень	ADV	_	@ko1985f-words#@ko1985f#629.15#629.575							
192	интересно	интересно	ADV	Degree=Pos	@ko1985f-words#@ko1985f#629.575#630.0							
193	ну	ну	PART	_	@ko1985f-words#@ko1985f#630.0#630.236							
194	короче	короче	PART	_	@ko1985f-words#@ko1985f#630.236#630.472							
195	мы	мы	PRON	Case=Nom|Number=Plur|Person=1	@ko1985f-words#@ko1985f#630.472#630.708							
196	с	с	ADP	_	@ko1985f-words#@ko1985f#630.708#630.945							
197	честно	честно	ADV	Degree=Pos	@ko1985f-words#@ko1985f#630.955#631.242							
198	с	с	ADP	_	@ko1985f-words#@ko1985f#631.242#631.529							
199	ним	он	PRON	Case=Ins|Gender=Masc|Number=Sing|Person=3	@ko1985f-words#@ko1985f#631.529#631.816							
200	посмотрели	посмотреть	VERB	Aspect=Perf|Mood=Ind|Number=Plur|Tense=Past|VerbForm=Fin|Voice=Act	@ko1985f-words#@ko1985f#631.816#632.105							
201	одну	один	NUM	Case=Acc|Gender=Fem	@ko1985f-words#@ko1985f#632.105#632.542							
202	серию	серия	NOUN	Animacy=Inan|Case=Acc|Gender=Fem|Number=Sing	@ko1985f-words#@ko1985f#632.542#632.979							
203	Видоизменённого	Видоизменённый	PROPN	Case=Gen|Degree=Pos|Gender=Masc|Number=Sing	@ko1985f-words#@ko1985f#632.979#633.416							
204	углерода	углерод	PROPN	Animacy=Inan|Case=Gen|Gender=Masc|Number=Sing	@ko1985f-words#@ko1985f#633.416#633.855							
205	но	но	CCONJ	_	@ko1985f-words#@ko1985f#634.025#634.507							
206	ничего	ничто	PRON	Case=Gen	@ko1985f-words#@ko1985f#634.507#634.989							
207	не	не	PART	_	@ko1985f-words#@ko1985f#634.989#635.471							
208	произошло	произойти	VERB	_	@ko1985f-words#@ko1985f#635.471#635.955							
209	ничего	ничто	PRON	Case=Gen	@ko1985f-words#@ko1985f#635.965#636.355							
210	реально	реально	ADV	_	@ko1985f-words#@ko1985f#636.355#636.745							
211	не	не	PART	_	@ko1985f-words#@ko1985f#636.745#637.135							
212	произошло	произойти	VERB	Aspect=Perf|Gender=Neut|Mood=Ind|Number=Sing|Tense=Past|VerbForm=Fin|Voice=Act	@ko1985f-words#@ko1985f#637.135#637.525							
213	причём	причём	PART	_	@ko1985f-words#@ko1985f#637.53#637.796							
214	в	в	ADP	_	@ko1985f-words#@ko1985f#637.796#638.062							
215	школе	школа	NOUN	Animacy=Inan|Case=Loc|Gender=Fem|Number=Sing	@ko1985f-words#@ko1985f#638.062#638.33							
216	пацаны	пацан	NOUN	Animacy=Anim|Case=Nom|Gender=Masc|Number=Plur	@ko1985f-words#@ko1985f#638.335#638.701							
217	очень	очень	ADV	_	@ko1985f-words#@ko1985f#638.701#639.067							
218	сильно	сильно	ADV	Degree=Pos	@ko1985f-words#@ko1985f#639.067#639.433							
219	матерятся	материться	VERB	Aspect=Imp|Mood=Ind|Number=Plur|Person=3|Tense=Pres|VerbForm=Fin|Voice=Mid	@ko1985f-words#@ko1985f#639.433#639.8							
220	ха	ха	INTJ	_	@ko1985f-words#@ko1985f#639.8#640.134							
221	самое	самый	ADJ	Case=Nom|Degree=Sup|Gender=Neut|Number=Sing	@ko1985f-words#@ko1985f#640.134#640.468							
222	странное	странный	ADJ	Case=Nom|Degree=Sup|Gender=Neut|Number=Sing	@ko1985f-words#@ko1985f#640.468#640.802							
223	знаешь	знать	VERB	Aspect=Imp|Mood=Ind|Number=Sing|Person=2|Tense=Pres|VerbForm=Fin|Voice=Act	@ko1985f-words#@ko1985f#640.802#641.136							
224	что	что	SCONJ	_	@ko1985f-words#@ko1985f#641.136#641.47							
225	больше	больше	ADV	Degree=Cmp	@ko1985f-words#@ko1985f#641.47#642.148							
226	всех	все	PRON	Animacy=Anim|Case=Gen|Number=Plur	@ko1985f-words#@ko1985f#642.148#642.826							
227	матерятся	материться	VERB	Aspect=Imp|Mood=Ind|Number=Plur|Person=3|Tense=Pres|VerbForm=Fin|Voice=Mid	@ko1985f-words#@ko1985f#642.826#643.505							
228	дети	ребенок	NOUN	Animacy=Anim|Case=Nom|Gender=Masc|Number=Plur	@ko1985f-words#@ko1985f#643.66#644.39							
229	тех	тот	DET	Case=Gen|Number=Plur	@ko1985f-words#@ko1985f#644.54#644.88							
230	мам	мама	NOUN	Animacy=Inan|Case=Dat|Gender=Fem|Number=Plur	@ko1985f-words#@ko1985f#644.88#645.22							
231	которые	который	PRON	Case=Acc	@ko1985f-words#@ko1985f#645.22#645.56							
232	очень	очень	ADV	Degree=Pos	@ko1985f-words#@ko1985f#645.56#645.9							
233	правильные	правильный	ADJ	Case=Nom|Degree=Pos|Number=Plur	@ko1985f-words#@ko1985f#645.9#646.24							
234	вот	вот	PART	_	@ko1985f-words#@ko1985f#646.535#647.095							
235	это	это	PART	_	@ko1985f-words#@ko1985f#647.095#647.495							
236	моё	мой	DET	Case=Nom|Gender=Neut|Number=Sing	@ko1985f-words#@ko1985f#647.495#647.895							
237	наблюдение	наблюдение	NOUN	Animacy=Inan|Case=Nom|Gender=Neut|Number=Sing	@ko1985f-words#@ko1985f#647.895#648.295							
238	даа	да	PART	_	@ko1985f-words#@ko1985f#651.095#651.525							
239	компенсация	компенсация	NOUN	Animacy=Inan|Case=Nom|Gender=Fem|Number=Sing	@ko1985f-words#@ko1985f#651.615#652.635							
240	вот	вот	PART	_	@ko1985f-words#@ko1985f#656.095#656.655							
241	наверно	наверно	ADV	_	@ko1985f-words#@ko1985f#656.655#657.215							
242	угухм	угухм	INTJ	_	@ko1985f-words#@ko1985f#663.265#663.625							
243	угухм	угухм	INTJ	_	@ko1985f-words#@ko1985f#677.34#677.71							
244	аэм	аэм	INTJ	_	@ko1985f-words#@ko1985f#687.81#688.34							
245	у	у	ADP	_	@ko1985f-words#@ko1985f#691.97#692.242							
246	него	он	PRON	Case=Gen|Gender=Masc|Number=Sing|Person=3	@ko1985f-words#@ko1985f#692.242#692.514							
247	тема	тема	NOUN	Animacy=Inan|Case=Nom|Gender=Fem|Number=Sing	@ko1985f-words#@ko1985f#692.514#692.786							
248	секса	секс	NOUN	Animacy=Inan|Case=Gen|Gender=Masc|Number=Sing	@ko1985f-words#@ko1985f#692.786#693.058							
249	покаа	пока	CCONJ	_	@ko1985f-words#@ko1985f#693.058#693.33							
250	не	не	PART	_	@ko1985f-words#@ko1985f#693.33#693.885							
251	активировалась	активироваться	VERB	Aspect=Imp|Gender=Fem|Mood=Ind|Number=Sing|Tense=Past|VerbForm=Fin|Voice=Pass	@ko1985f-words#@ko1985f#693.885#694.44							
252	причём	причём	CCONJ	_	@ko1985f-words#@ko1985f#694.44#694.89							
253	у	у	ADP	_	@ko1985f-words#@ko1985f#694.89#695.34							
254	его	его	DET	Case=Gen|Gender=Masc|Number=Sing|Person=3	@ko1985f-words#@ko1985f#695.34#695.79							
255	одноклассников	одноклассник	NOUN	Animacy=Anim|Case=Gen|Gender=Masc|Number=Plur	@ko1985f-words#@ko1985f#695.79#696.24							
256	уже	уже	ADV	_	@ko1985f-words#@ko1985f#696.24#696.69							
257	да	да	PART	_	@ko1985f-words#@ko1985f#696.69#697.14							
258	а	а	CCONJ	_	@ko1985f-words#@ko1985f#697.555#697.84							
259	он	он	PRON	Case=Nom|Gender=Masc|Number=Sing|Person=3	@ko1985f-words#@ko1985f#697.84#698.125							
260	типа	типа	PART	_	@ko1985f-words#@ko1985f#698.145#698.995							
261	он	он	PRON	Case=Nom|Gender=Masc|Number=Sing|Person=3	@ko1985f-words#@ko1985f#699.155#699.42							
262	такой	такой	DET	Case=Nom|Gender=Masc|Number=Sing	@ko1985f-words#@ko1985f#699.42#699.685							
263	типа	типа	PART	_	@ko1985f-words#@ko1985f#699.685#699.95							
264	а	а	CCONJ	_	@ko1985f-words#@ko1985f#699.95#700.242							
265	чё	что	SCONJ	_	@ko1985f-words#@ko1985f#700.242#700.535							
266	ии	и	CCONJ	_	@ko1985f-words#@ko1985f#700.535#700.91							
267	ну	ну	PART	_	@ko1985f-words#@ko1985f#700.91#701.174							
268	его	он	PRON	Case=Gen|Gender=Masc|Number=Sing|Person=3	@ko1985f-words#@ko1985f#701.174#701.438							
269	это	это	PRON	Animacy=Inan|Case=Nom|Gender=Neut|Number=Sing	@ko1985f-words#@ko1985f#701.438#701.702							
270	не	не	PART	_	@ko1985f-words#@ko1985f#701.702#701.966							
271	цепляет	цеплять	VERB	Aspect=Imp|Mood=Ind|Number=Sing|Person=3|Tense=Pres|VerbForm=Fin|Voice=Act	@ko1985f-words#@ko1985f#701.966#702.23							
272	я	я	PRON	Case=Nom|Number=Sing|Person=1	@ko1985f-words#@ko1985f#702.585#702.822							
273	не	не	PART	_	@ko1985f-words#@ko1985f#702.822#703.059							
274	знаю	знать	VERB	Aspect=Imp|Mood=Ind|Number=Sing|Person=1|Tense=Pres|VerbForm=Fin|Voice=Act	@ko1985f-words#@ko1985f#703.059#703.296							
275	я	я	PRON	Case=Nom|Number=Sing|Person=1	@ko1985f-words#@ko1985f#703.296#703.535							
276	короче	короче	PART	_	@ko1985f-words#@ko1985f#703.575#704.02							
277	смотри	смотреть	VERB	Aspect=Imp|Mood=Imp|Number=Sing|Person=2|VerbForm=Fin|Voice=Act	@ko1985f-words#@ko1985f#704.02#704.465							
278	это	это	PART	_	@ko1985f-words#@ko1985f#704.505#704.98							
279	наверно	наверно	ADV	_	@ko1985f-words#@ko1985f#704.98#705.455							
280	то	то	PRON	_	@ko1985f-words#@ko1985f#705.515#705.745							
281	то	то	PRON	_	@ko1985f-words#@ko1985f#705.745#705.975							
282	чем	что	PRON	Case=Ins	@ko1985f-words#@ko1985f#705.975#706.205							
283	не	не	PART	_	@ko1985f-words#@ko1985f#706.205#706.435							
284	надо	надо	ADV	_	@ko1985f-words#@ko1985f#706.435#706.665							
285	гордиться	гордиться	VERB	Aspect=Imp|VerbForm=Inf|Voice=Mid	@ko1985f-words#@ko1985f#706.665#706.895							
286	ну	ну	PART	_	@ko1985f-words#@ko1985f#706.91#707.082							
287	вот	вот	PART	_	@ko1985f-words#@ko1985f#707.082#707.254							
288	у	у	ADP	_	@ko1985f-words#@ko1985f#707.254#707.426							
289	него	он	PRON	Case=Gen|Gender=Masc|Number=Sing|Person=3	@ko1985f-words#@ko1985f#707.426#707.598							
290	есть	быть	VERB	Aspect=Imp|Mood=Ind|Number=Plur|Person=3|Tense=Pres|VerbForm=Fin|Voice=Act	@ko1985f-words#@ko1985f#707.598#707.77							
291	там	там	ADV	_	@ko1985f-words#@ko1985f#707.77#707.942							
292	эти	этот	DET	Case=Acc|Number=Plur	@ko1985f-words#@ko1985f#707.942#708.12							
293	час	час	NOUN	Animacy=Inan|Case=Nom|Gender=Masc|Number=Sing	@ko1985f-words#@ko1985f#708.13#708.66							
294	айпэда	айпэд	NOUN	Animacy=Inan|Case=Gen|Gender=Masc|Number=Sing	@ko1985f-words#@ko1985f#708.66#709.19							
295	в	в	ADP	_	@ko1985f-words#@ko1985f#709.235#709.545							
296	день	день	NOUN	Animacy=Inan|Case=Acc|Gender=Masc|Number=Sing	@ko1985f-words#@ko1985f#709.545#709.855							
297	и	и	CCONJ	_	@ko1985f-words#@ko1985f#709.86#710.113							
298	я	я	PRON	Case=Nom|Number=Sing|Person=1	@ko1985f-words#@ko1985f#710.113#710.366							
299	не	не	PART	_	@ko1985f-words#@ko1985f#710.366#710.619							
300	контролирую	контролировать	VERB	Aspect=Imp|Mood=Ind|Number=Sing|Person=1|Tense=Pres|VerbForm=Fin|Voice=Act	@ko1985f-words#@ko1985f#710.619#710.872							
301	что	что	SCONJ	_	@ko1985f-words#@ko1985f#710.872#711.125							
302	он	он	PRON	Case=Nom|Gender=Masc|Number=Sing|Person=3	@ko1985f-words#@ko1985f#711.125#711.378							
303	там	там	ADV	_	@ko1985f-words#@ko1985f#711.378#711.631							
304	смотрит	смотреть	VERB	Aspect=Imp|Mood=Ind|Number=Sing|Person=3|Tense=Pres|VerbForm=Fin|Voice=Act	@ko1985f-words#@ko1985f#711.631#711.89							
305	аа	а	INTJ	_	@ko1985f-words#@ko1985f#713.14#714.08							
306	я	я	PRON	Case=Nom|Number=Sing|Person=1	@ko1985f-words#@ko1985f#714.085#714.336							
307	знаю	знать	VERB	Aspect=Imp|Mood=Ind|Number=Sing|Person=1|Tense=Pres|VerbForm=Fin|Voice=Act	@ko1985f-words#@ko1985f#714.336#714.587							
308	что	что	SCONJ	_	@ko1985f-words#@ko1985f#714.587#714.838							
309	он	он	PRON	Case=Nom|Gender=Masc|Number=Sing|Person=3	@ko1985f-words#@ko1985f#714.838#715.089							
310	смотрит	смотреть	VERB	Aspect=Imp|Mood=Ind|Number=Sing|Person=3|Tense=Pres|VerbForm=Fin|Voice=Act	@ko1985f-words#@ko1985f#715.089#715.34							
311	э	э	INTJ	_	@ko1985f-words#@ko1985f#715.34#715.641							
312	лэтсплэи	лэтсплэй	NOUN	Animacy=Inan|Case=Acc|Gender=Masc|Number=Plur	@ko1985f-words#@ko1985f#715.641#715.942							
313	кажется	казаться	VERB	Aspect=Imp|Mood=Ind|Number=Sing|Person=3|Tense=Pres|VerbForm=Fin|Voice=Mid	@ko1985f-words#@ko1985f#715.942#716.243							
314	это	это	PRON	Animacy=Inan|Case=Nom|Gender=Neut|Number=Sing	@ko1985f-words#@ko1985f#716.243#716.544							
315	так	так	PART	_	@ko1985f-words#@ko1985f#716.544#716.845							
316	называется	называться	VERB	Aspect=Imp|Mood=Ind|Number=Sing|Person=3|Tense=Pres|VerbForm=Fin|Voice=Mid	@ko1985f-words#@ko1985f#716.845#717.15							
317	то	то	PART	_	@ko1985f-words#@ko1985f#717.15#717.455							
318	есть	есть	PART	_	@ko1985f-words#@ko1985f#717.455#717.76							
319	как	как	SCONJ	_	@ko1985f-words#@ko1985f#717.76#718.065							
320	там	там	ADV	_	@ko1985f-words#@ko1985f#718.065#718.37							
321	кто-то	кто-то	PRON	Case=Nom	@ko1985f-words#@ko1985f#718.37#718.675							
322	во	в	ADP	_	@ko1985f-words#@ko1985f#718.675#718.98							
323	что-то	что-то	PRON	Case=Acc	@ko1985f-words#@ko1985f#718.98#719.285							
324	играет	играть	VERB	Aspect=Imp|Mood=Ind|Number=Sing|Person=3|Tense=Pres|VerbForm=Fin|Voice=Act	@ko1985f-words#@ko1985f#719.285#719.59							
325	#вздыхает#	#вздыхает#	VERB	_	@ko1985f-words#@ko1985f#719.71#720.21							
326	а	а	INTJ	_	@ko1985f-words#@ko1985f#720.245#720.635							
327	но	но	CCONJ	_	@ko1985f-words#@ko1985f#720.645#720.883							
328	в	в	PART	_	@ko1985f-words#@ko1985f#720.883#721.121							
329	том	то	PART	_	@ko1985f-words#@ko1985f#721.121#721.359							
330	числе	число	PART	_	@ko1985f-words#@ko1985f#721.359#721.6							
331	он	он	PRON	Case=Nom|Gender=Masc|Number=Sing|Person=3	@ko1985f-words#@ko1985f#721.6#721.942							
332	смотрит	смотреть	VERB	Aspect=Imp|Mood=Ind|Number=Sing|Person=3|Tense=Pres|VerbForm=Fin|Voice=Act	@ko1985f-words#@ko1985f#721.942#722.284							
333	и	и	PART	_	@ko1985f-words#@ko1985f#722.284#722.626							
334	какие-то	какой-то	DET	Case=Acc|Number=Plur	@ko1985f-words#@ko1985f#722.626#722.968							
335	передачи	передача	NOUN	Animacy=Inan|Case=Acc|Gender=Fem|Number=Plur	@ko1985f-words#@ko1985f#722.968#723.31							
336	с	с	ADP	_	@ko1985f-words#@ko1985f#723.32#723.833							
337	логическими	логический	ADJ	Case=Ins|Degree=Pos|Number=Plur	@ko1985f-words#@ko1985f#723.833#724.346							
338	задачами	задача	NOUN	Animacy=Inan|Case=Ins|Gender=Fem|Number=Plur	@ko1985f-words#@ko1985f#724.346#724.86							
339	э	э	INTJ	_	@ko1985f-words#@ko1985f#724.915#725.112							
340	то	то	PART	_	@ko1985f-words#@ko1985f#725.112#725.309							
341	есть	быть	PART	_	@ko1985f-words#@ko1985f#725.309#725.506							
342	там	там	ADV	_	@ko1985f-words#@ko1985f#725.506#725.705							
343	пришёл	прийти	VERB	Aspect=Perf|Gender=Masc|Mood=Ind|Number=Sing|Tense=Past|VerbForm=Fin|Voice=Act	@ko1985f-words#@ko1985f#725.82#726.425							
344	следователь	следователь	NOUN	Animacy=Anim|Case=Nom|Gender=Masc|Number=Sing	@ko1985f-words#@ko1985f#726.425#727.03							
345	увидел	увидеть	VERB	Aspect=Perf|Gender=Masc|Mood=Ind|Number=Sing|Tense=Past|VerbForm=Fin|Voice=Act	@ko1985f-words#@ko1985f#727.04#727.345							
346	то-то	то-то	PRON	Case=Acc	@ko1985f-words#@ko1985f#727.345#727.65							
347	он	он	PRON	Case=Nom|Gender=Masc|Number=Sing|Person=3	@ko1985f-words#@ko1985f#727.65#727.87							
348	потом	потом	ADV	_	@ko1985f-words#@ko1985f#727.87#728.09							
349	их	они	PRON	Case=Gen|Number=Plur|Person=3	@ko1985f-words#@ko1985f#728.09#728.31							
350	мне	я	PRON	Case=Dat|Number=Sing|Person=1	@ko1985f-words#@ko1985f#728.31#728.53							
351	в	в	ADP	_	@ko1985f-words#@ko1985f#728.53#728.75							
352	машине	машина	NOUN	Animacy=Inan|Case=Loc|Gender=Fem|Number=Sing	@ko1985f-words#@ko1985f#728.75#728.97							
353	задаёт	задавать	VERB	Aspect=Imp|Mood=Ind|Number=Sing|Person=3|Tense=Pres|VerbForm=Fin|Voice=Act	@ko1985f-words#@ko1985f#728.97#729.19							
354	я	я	PRON	Case=Nom|Number=Sing|Person=1	@ko1985f-words#@ko1985f#729.19#729.41							
355	не	не	PART	_	@ko1985f-words#@ko1985f#729.41#729.63							
356	могу	мочь	VERB	Aspect=Imp|Mood=Ind|Number=Sing|Person=1|Tense=Pres|VerbForm=Fin|Voice=Act	@ko1985f-words#@ko1985f#729.63#729.85							
357	их	они	PRON	Case=Gen|Number=Plur|Person=3	@ko1985f-words#@ko1985f#729.85#730.07							
358	решить	решить	VERB	Aspect=Perf|VerbForm=Inf|Voice=Act	@ko1985f-words#@ko1985f#730.07#730.29							
359	ну	ну	PART	_	@ko1985f-words#@ko1985f#730.29#730.526							
360	в	в	PART	_	@ko1985f-words#@ko1985f#730.526#730.762							
361	общем	общем	PART	_	@ko1985f-words#@ko1985f#730.762#731.0							
362	он	он	PRON	Case=Nom|Gender=Masc|Number=Sing|Person=3	@ko1985f-words#@ko1985f#731.03#731.456							
363	выбирает	выбирать	VERB	Aspect=Imp|Mood=Ind|Number=Sing|Person=3|Tense=Pres|VerbForm=Fin|Voice=Act	@ko1985f-words#@ko1985f#731.456#731.882							
364	сам	сам	PART	_	@ko1985f-words#@ko1985f#731.882#732.31							
365	э	э	INTJ	_	@ko1985f-words#@ko1985f#732.32#732.607							
366	и	и	CCONJ	_	@ko1985f-words#@ko1985f#732.607#732.894							
367	выбирает	выбирать	VERB	Aspect=Imp|Mood=Ind|Number=Sing|Person=3|Tense=Pres|VerbForm=Fin|Voice=Act	@ko1985f-words#@ko1985f#732.894#733.181							
368	э	э	INTJ	_	@ko1985f-words#@ko1985f#733.181#733.47							
369	что-то	что-то	ADV	_	@ko1985f-words#@ko1985f#733.485#733.84							
370	что	что	SCONJ	_	@ko1985f-words#@ko1985f#733.84#734.195							
371	ему	он	PRON	Case=Dat|Gender=Masc|Number=Sing|Person=3	@ko1985f-words#@ko1985f#734.195#734.55							
372	нравится	нравиться	VERB	Aspect=Imp|Mood=Ind|Number=Sing|Person=3|Tense=Pres|VerbForm=Fin|Voice=Mid	@ko1985f-words#@ko1985f#734.55#734.905							
373	но	но	CCONJ	_	@ko1985f-words#@ko1985f#734.91#735.165							
374	что-то	что-то	PRON	Case=Acc	@ko1985f-words#@ko1985f#735.165#735.42							
375	и	и	CCONJ	_	@ko1985f-words#@ko1985f#735.42#735.675							
376	полезное	полезный	ADJ	Case=Acc|Degree=Pos|Gender=Neut|Number=Sing	@ko1985f-words#@ko1985f#735.675#735.93							
377	он	он	PRON	Case=Nom|Gender=Masc|Number=Sing|Person=3	@ko1985f-words#@ko1985f#735.93#736.185							
378	сам	сам	PART	_	@ko1985f-words#@ko1985f#736.185#736.44							
379	выбирает	выбирать	VERB	Aspect=Imp|Mood=Ind|Number=Sing|Person=3|Tense=Pres|VerbForm=Fin|Voice=Act	@ko1985f-words#@ko1985f#736.44#736.7							
380	с	с	ADP	_	@ko1985f-words#@ko1985f#737.0#737.323							
381	папой	папа	NOUN	Animacy=Anim|Case=Ins|Gender=Masc|Number=Sing	@ko1985f-words#@ko1985f#737.323#737.646							
382	они	они	PRON	Case=Nom|Number=Plur|Person=3	@ko1985f-words#@ko1985f#737.646#737.969							
383	смотрят	смотреть	VERB	Aspect=Imp|Mood=Ind|Number=Plur|Person=3|Tense=Pres|VerbForm=Fin|Voice=Act	@ko1985f-words#@ko1985f#737.969#738.292							
384	у	у	ADP	_	@ko1985f-words#@ko1985f#738.292#738.615							
385	него	он	PRON	Case=Gen|Gender=Masc|Number=Sing|Person=3	@ko1985f-words#@ko1985f#738.615#738.938							
386	дома	дома	ADV	_	@ko1985f-words#@ko1985f#738.938#739.261							
387	какой-то	какой-то	DET	Case=Acc|Gender=Masc|Number=Sing	@ko1985f-words#@ko1985f#739.261#739.584							
388	нэйшнл	нэйшнл	X	Foreign=National	@ko1985f-words#@ko1985f#739.584#739.907							
389	джиографик	джиографик	X	Foreign=Geographic	@ko1985f-words#@ko1985f#739.907#740.23							
390	он	он	PRON	Case=Nom|Gender=Masc|Number=Sing|Person=3	@ko1985f-words#@ko1985f#740.23#740.593							
391	мне	я	PRON	Case=Dat|Number=Sing|Person=1	@ko1985f-words#@ko1985f#740.593#740.956							
392	рассказывает	рассказывать	VERB	Aspect=Imp|Mood=Ind|Number=Sing|Person=3|Tense=Pres|VerbForm=Fin|Voice=Act	@ko1985f-words#@ko1985f#740.956#741.32							
393	мм	мм	INTJ	_	@ko1985f-words#@ko1985f#741.44#742.31							
394	как	как	SCONJ	_	@ko1985f-words#@ko1985f#742.33#742.712							
395	волки	волк	NOUN	Animacy=Anim|Case=Nom|Gender=Masc|Number=Plur	@ko1985f-words#@ko1985f#742.712#743.094							
396	проваливаются	проваливаться	VERB	Aspect=Imp|Mood=Ind|Number=Plur|Person=3|Tense=Pres|VerbForm=Fin|Voice=Act	@ko1985f-words#@ko1985f#743.094#743.476							
397	под	под	ADP	_	@ko1985f-words#@ko1985f#743.476#743.858							
398	снег	снег	NOUN	Animacy=Inan|Case=Acc|Gender=Masc|Number=Sing	@ko1985f-words#@ko1985f#743.858#744.24							
399	не	не	PART	_	@ko1985f-words#@ko1985f#744.24#744.626							
400	могут	мочь	AUX	Aspect=Imp|Mood=Ind|Number=Plur|Person=3|Tense=Pres|VerbForm=Fin|Voice=Act	@ko1985f-words#@ko1985f#744.626#745.012							
401	выбраться	выбраться	VERB	Aspect=Perf|VerbForm=Inf|Voice=Mid	@ko1985f-words#@ko1985f#745.012#745.4							
402	в	в	PART	_	@ko1985f-words#@ko1985f#745.4#745.915							
403	общемм	общем	PART	_	@ko1985f-words#@ko1985f#745.915#746.43							
404	короче	короче	PART	_	@ko1985f-words#@ko1985f#746.43#746.85							
405	он	он	PRON	Case=Nom|Gender=Masc|Number=Sing|Person=3	@ko1985f-words#@ko1985f#746.85#747.27							
406	решает	решать	VERB	Aspect=Imp|Mood=Ind|Number=Sing|Person=3|Tense=Pres|VerbForm=Fin|Voice=Act	@ko1985f-words#@ko1985f#747.27#747.69							
407	эти	этот	PRON	Case=Acc|Number=Plur	@ko1985f-words#@ko1985f#747.69#748.01							
408	полтора	полтора	NUM	Case=Acc|Gender=Masc	@ko1985f-words#@ko1985f#748.01#748.33							
409	часа	час	NOUN	Animacy=Inan|Case=Gen|Gender=Masc|Number=Sing	@ko1985f-words#@ko1985f#748.33#748.65							
410	я	я	PRON	Case=Nom|Number=Sing|Person=1	@ko1985f-words#@ko1985f#748.65#748.97							
411	не	не	PART	_	@ko1985f-words#@ko1985f#748.97#749.29							
412	контролирую	контролировать	VERB	Aspect=Imp|Mood=Ind|Number=Sing|Person=1|Tense=Pres|VerbForm=Fin|Voice=Act	@ko1985f-words#@ko1985f#749.29#749.61							
413	короче	короче	PART	_	@ko1985f-words#@ko1985f#761.49#761.671							
414	я	я	PRON	Case=Nom|Number=Sing|Person=1	@ko1985f-words#@ko1985f#761.671#761.852							
415	не	не	PART	_	@ko1985f-words#@ko1985f#761.852#762.033							
416	я	я	PRON	Case=Nom|Number=Sing|Person=1	@ko1985f-words#@ko1985f#762.033#762.214							
417	не	не	PART	_	@ko1985f-words#@ko1985f#762.214#762.395							
418	верю	верить	VERB	Aspect=Imp|Mood=Ind|Number=Sing|Person=1|Tense=Pres|VerbForm=Fin|Voice=Act	@ko1985f-words#@ko1985f#762.395#762.576							
419	тоже	тоже	CCONJ	_	@ko1985f-words#@ko1985f#762.576#762.757							
420	что	что	SCONJ	_	@ko1985f-words#@ko1985f#762.757#762.94							
421	он	он	PRON	Case=Nom|Gender=Masc|Number=Sing|Person=3	@ko1985f-words#@ko1985f#762.94#763.227							
422	чё-то	что-то	PRON	_	@ko1985f-words#@ko1985f#763.227#763.514							
423	там	там	ADV	_	@ko1985f-words#@ko1985f#763.514#763.801							
424	найдёт	найти	VERB	Aspect=Perf|Mood=Ind|Number=Sing|Person=2|Tense=Fut|VerbForm=Fin|Voice=Act	@ko1985f-words#@ko1985f#763.801#764.088							
425	такое	такой	DET	Case=Acc|Gender=Neut|Number=Sing	@ko1985f-words#@ko1985f#764.088#764.375							
426	дико	дико	ADV	_	@ko1985f-words#@ko1985f#764.375#764.662							
427	травмирующее	травмировать	VERB	Case=Acc|Degree=Pos|Gender=Neut|Number=Sing	@ko1985f-words#@ko1985f#764.662#764.955							
428	нет	нет	PART	_	@ko1985f-words#@ko1985f#764.955#765.27							
429	или	или	CCONJ	_	@ko1985f-words#@ko1985f#765.27#765.645							
430	найдёт	найти	VERB	Aspect=Perf|Mood=Ind|Number=Sing|Person=2|Tense=Fut|VerbForm=Fin|Voice=Act	@ko1985f-words#@ko1985f#765.645#766.02							
431	да	да	PART	_	@ko1985f-words#@ko1985f#771.33#771.95							
432	да	да	PART	_	@ko1985f-words#@ko1985f#774.28#774.84							
433	да	да	PART	_	@ko1985f-words#@ko1985f#795.09#795.57							
434	да	да	PART	_	@ko1985f-words#@ko1985f#800.165#800.585							
435	вообще	вообще	ADV	_	@ko1985f-words#@ko1985f#811.01#811.426							
436	знаешь	знать	VERB	Aspect=Imp|Mood=Ind|Number=Sing|Person=2|Tense=Pres|VerbForm=Fin|Voice=Act	@ko1985f-words#@ko1985f#811.426#811.842							
437	что	что	SCONJ	_	@ko1985f-words#@ko1985f#811.842#812.26							
438	моя	мой	DET	Case=Nom|Gender=Fem|Number=Sing	@ko1985f-words#@ko1985f#812.26#812.586							
439	мысль	мысль	NOUN	Animacy=Inan|Case=Nom|Gender=Fem|Number=Sing	@ko1985f-words#@ko1985f#812.586#812.912							
440	про	про	ADP	_	@ko1985f-words#@ko1985f#812.912#813.238							
441	это	это	PRON	Animacy=Inan|Case=Acc|Gender=Neut|Number=Sing	@ko1985f-words#@ko1985f#813.238#813.564							
442	ещё	еще	ADV	_	@ko1985f-words#@ko1985f#813.564#813.89							
443	вот	вот	PART	_	@ko1985f-words#@ko1985f#813.89#814.275							
444	такая	такой	DET	Case=Nom|Gender=Fem|Number=Sing	@ko1985f-words#@ko1985f#814.275#814.66							
445	чтоо	что	SCONJ	_	@ko1985f-words#@ko1985f#814.98#815.68							
446	родитель	родитель	NOUN	Animacy=Anim|Case=Nom|Gender=Masc|Number=Sing	@ko1985f-words#@ko1985f#815.79#817.06							
447	должен	должный	ADJ	Degree=Pos|Gender=Masc|Number=Sing|Variant=Short	@ko1985f-words#@ko1985f#817.06#817.597							
448	сформировать	сформировать	VERB	Aspect=Perf|VerbForm=Inf|Voice=Act	@ko1985f-words#@ko1985f#817.597#818.134							
449	у	у	ADP	_	@ko1985f-words#@ko1985f#818.134#818.671							
450	ребёнка	ребенок	NOUN	Animacy=Anim|Case=Gen|Gender=Masc|Number=Sing	@ko1985f-words#@ko1985f#818.671#819.21							
451	ам	ам	INTJ	_	@ko1985f-words#@ko1985f#820.16#820.97							
452	в	в	ADP	_	@ko1985f-words#@ko1985f#820.97#821.476							
453	реальной	реальный	ADJ	Case=Loc|Degree=Pos|Gender=Fem|Number=Sing	@ko1985f-words#@ko1985f#821.476#821.982							
454	жизни	жизнь	NOUN	Animacy=Inan|Case=Loc|Gender=Fem|Number=Sing	@ko1985f-words#@ko1985f#821.982#822.49							
455	какой-то	какой-то	DET	Case=Acc|Gender=Fem|Number=Sing	@ko1985f-words#@ko1985f#822.54#823.186							
456	круг	круг	NOUN	Animacy=Inan|Case=Acc|Gender=Masc|Number=Plur	@ko1985f-words#@ko1985f#823.186#823.832							
457	интересов	интерес	NOUN	Animacy=Inan|Case=Gen|Gender=Masc|Number=Plur	@ko1985f-words#@ko1985f#823.832#824.48							
458	который	который	SCONJ	_	@ko1985f-words#@ko1985f#825.37#825.795							
459	ну	ну	PART	_	@ko1985f-words#@ko1985f#825.795#826.22							
460	впоследствии	впоследствии	ADP	_	@ko1985f-words#@ko1985f#826.22#826.567							
461	отразится	отразиться	VERB	Aspect=Perf|Mood=Ind|Number=Sing|Person=3|Tense=Fut|VerbForm=Fin|Voice=Mid	@ko1985f-words#@ko1985f#826.567#826.914							
462	и	и	CCONJ	_	@ko1985f-words#@ko1985f#826.914#827.261							
463	на	на	ADP	_	@ko1985f-words#@ko1985f#827.261#827.608							
464	его	его	PRON	Number=Sing|Gender=Masc	@ko1985f-words#@ko1985f#827.608#827.955							
465	сёрчах	сёрч	NOUN	Animacy=Inan|Case=Loc|Gender=Masc|Number=Plur	@ko1985f-words#@ko1985f#827.955#828.302							
466	в	в	ADP	_	@ko1985f-words#@ko1985f#828.302#828.649							
467	интернете	интернет	NOUN	Animacy=Inan|Case=Loc|Gender=Masc|Number=Sing	@ko1985f-words#@ko1985f#828.649#829.0							
468	ну	ну	PART	_	@ko1985f-words#@ko1985f#829.37#829.655							
469	то	то	PART	_	@ko1985f-words#@ko1985f#829.655#829.94							
470	есть	быть	PART	_	@ko1985f-words#@ko1985f#829.94#830.225							
471	эмм	эмм	INTJ	_	@ko1985f-words#@ko1985f#830.225#830.51							
472	вот	вот	PART	_	@ko1985f-words#@ko1985f#831.1#831.545							
473	окей	окей	PART	_	@ko1985f-words#@ko1985f#831.545#831.99							
474	я	я	PRON	Case=Nom|Number=Sing|Person=1	@ko1985f-words#@ko1985f#832.0#832.211							 
475	знаю	знать	VERB	Aspect=Imp|Mood=Ind|Number=Sing|Person=1|Tense=Pres|VerbForm=Fin|Voice=Act	@ko1985f-words#@ko1985f#832.211#832.422							
476	что	что	SCONJ	_	@ko1985f-words#@ko1985f#832.422#832.633							
477	у	у	ADP	_	@ko1985f-words#@ko1985f#832.633#832.844							
478	него	он	PRON	Case=Gen|Gender=Masc|Number=Sing|Person=3	@ko1985f-words#@ko1985f#832.844#833.055							
479	есть	быть	VERB	Aspect=Imp|Mood=Ind|Number=Sing|Person=3|Tense=Pres|VerbForm=Fin|Voice=Act	@ko1985f-words#@ko1985f#833.055#833.266							
480	там	там	ADV	_	@ko1985f-words#@ko1985f#833.266#833.477							
481	этот	этот	DET	Case=Nom|Gender=Masc|Number=Sing	@ko1985f-words#@ko1985f#833.477#833.688							
482	час	час	NOUN	Animacy=Inan|Case=Acc|Gender=Masc|Number=Sing	@ko1985f-words#@ko1985f#833.688#833.9							
483	в	в	ADP	_	@ko1985f-words#@ko1985f#834.02#834.354							
484	будни	будни	NOUN	Animacy=Inan|Case=Acc|Gender=Masc|Number=Plur	@ko1985f-words#@ko1985f#834.354#834.688							
485	полтора	полтора	NUM	Case=Acc|Gender=Masc	@ko1985f-words#@ko1985f#834.688#835.022							
486	на	на	ADP	_	@ko1985f-words#@ko1985f#835.022#835.356							
487	выходных	выходной	NOUN	Animacy=Inan|Case=Loc|Gender=Masc|Number=Plur	@ko1985f-words#@ko1985f#835.356#835.69							
488	э	э	INTJ	_	@ko1985f-words#@ko1985f#835.86#836.525							
489	планшета	планшет	NOUN	Animacy=Inan|Case=Gen|Gender=Masc|Number=Sing	@ko1985f-words#@ko1985f#836.525#837.19							
490	но	но	CCONJ	_	@ko1985f-words#@ko1985f#837.22#837.552							
491	всё	весь	DET	Case=Acc|Gender=Neut|Number=Sing	@ko1985f-words#@ko1985f#837.552#837.884							
492	остальное	остальной	ADJ	Case=Acc|Degree=Pos|Gender=Neut|Number=Sing	@ko1985f-words#@ko1985f#837.884#838.216							
493	время	время	NOUN	Animacy=Inan|Case=Acc|Gender=Neut|Number=Sing	@ko1985f-words#@ko1985f#838.216#838.55							
494	моя	мой	DET	Case=Nom|Gender=Fem|Number=Sing	@ko1985f-words#@ko1985f#838.55#838.965							
495	задача	задача	NOUN	Animacy=Inan|Case=Nom|Gender=Fem|Number=Sing	@ko1985f-words#@ko1985f#838.965#839.38							
496	най	найти	VERB	Aspect=Perf|VerbForm=Inf|Voice=Act	@ko1985f-words#@ko1985f#839.48#839.89							
497	найти	найти	VERB	Aspect=Perf|VerbForm=Inf|Voice=Act	@ko1985f-words#@ko1985f#839.9#840.245							
498	ну	ну	PART	_	@ko1985f-words#@ko1985f#840.245#840.59							
499	какие-то	какой-то	DET	Case=Nom|Number=Plur	@ko1985f-words#@ko1985f#840.62#841.026							
500	придумать	придумать	VERB	Aspect=Perf|VerbForm=Inf|Voice=Act	@ko1985f-words#@ko1985f#841.026#841.432							
501	ему	он	PRON	Case=Dat|Gender=Masc|Number=Sing|Person=3	@ko1985f-words#@ko1985f#841.432#841.84							
502	штуки	штука	NOUN	Animacy=Inan|Case=Acc|Gender=Fem|Number=Plur	@ko1985f-words#@ko1985f#841.85#842.146							
503	которые	который	PRON	Case=Acc|Number=Plur	@ko1985f-words#@ko1985f#842.146#842.442							
504	его	он	PRON	Case=Acc|Gender=Masc|Number=Sing|Person=3	@ko1985f-words#@ko1985f#842.442#842.738							
505	будут	быть	AUX	Aspect=Imp|Mood=Ind|Number=Plur|Person=3|Tense=Pres|VerbForm=Fin|Voice=Act	@ko1985f-words#@ko1985f#842.738#843.034							
506	увлекать	увлекать	VERB	Aspect=Imp|VerbForm=Inf|Voice=Act	@ko1985f-words#@ko1985f#843.034#843.33							
507	там	там	ADV	_	@ko1985f-words#@ko1985f#843.33#843.63							
508	ролики	ролик	NOUN	Animacy=Inan|Case=Acc|Gender=Masc|Number=Plur	@ko1985f-words#@ko1985f#843.645#844.795							
509	сейчас	сейчас	ADV	_	@ko1985f-words#@ko1985f#844.8#845.067							
510	он	он	PRON	Case=Nom|Gender=Masc|Number=Sing|Person=3	@ko1985f-words#@ko1985f#845.067#845.334							
511	сошёл	сойти	VERB	Aspect=Perf|Gender=Masc|Mood=Ind|Number=Sing|Tense=Past|VerbForm=Fin|Voice=Act	@ko1985f-words#@ko1985f#845.334#845.601							
512	с	с	ADP	_	@ko1985f-words#@ko1985f#845.601#845.868							
513	ума	ум	NOUN	Animacy=Inan|Case=Gen|Gender=Masc|Number=Sing	@ko1985f-words#@ko1985f#845.868#846.135							
514	по	по	ADP	_	@ko1985f-words#@ko1985f#846.135#846.402							
515	лошадям	лошадь	NOUN	Animacy=Anim|Case=Dat|Gender=Fem|Number=Plur	@ko1985f-words#@ko1985f#846.402#846.67							
516	ии	и	CCONJ	_	@ko1985f-words#@ko1985f#846.7#847.06							
517	да	да	PART	_	@ko1985f-words#@ko1985f#847.1#847.378							
518	я	я	PRON	Case=Nom|Number=Sing|Person=1	@ko1985f-words#@ko1985f#847.378#847.656							
519	буду	быть	AUX	Aspect=Imp|Mood=Ind|Number=Sing|Person=1|Tense=Pres|VerbForm=Fin|Voice=Act	@ko1985f-words#@ko1985f#847.656#847.934							
520	отдавать	отдавать	VERB	Aspect=Imp|VerbForm=Inf|Voice=Act	@ko1985f-words#@ko1985f#847.934#848.212							
521	за	за	ADP	_	@ko1985f-words#@ko1985f#848.212#848.49							
522	это	это	PRON	Animacy=Inan|Case=Acc|Gender=Neut|Number=Sing	@ko1985f-words#@ko1985f#848.49#848.768							
523	все	весь	DET	Case=Acc|Gender=Neut|Number=Sing	@ko1985f-words#@ko1985f#848.768#849.046							
524	деньги	деньги	NOUN	Animacy=Inan|Case=Nom|Gender=Fem|Number=Plur	@ko1985f-words#@ko1985f#849.046#849.33							
525	потому	потому	SCONJ	_	@ko1985f-words#@ko1985f#849.33#849.602							
526	что	что	SCONJ	_	@ko1985f-words#@ko1985f#849.602#849.874							
527	он	он	PRON	Case=Nom|Gender=Masc|Number=Sing|Person=3	@ko1985f-words#@ko1985f#849.874#850.146							
528	готов	готовый	ADJ	Degree=Pos|Gender=Masc|Number=Sing|Variant=Short	@ko1985f-words#@ko1985f#850.146#850.418							
529	читать	читать	VERB	Aspect=Imp|VerbForm=Inf|Voice=Act	@ko1985f-words#@ko1985f#850.418#850.69							
530	про	про	ADP	_	@ko1985f-words#@ko1985f#850.69#850.962							
531	это	это	PRON	Animacy=Inan|Case=Acc|Gender=Neut|Number=Sing	@ko1985f-words#@ko1985f#850.962#851.234							
532	книги	книга	NOUN	Animacy=Inan|Case=Acc|Gender=Fem|Number=Plur	@ko1985f-words#@ko1985f#851.234#851.51							
533	тренироваться	тренироваться	VERB	Aspect=Imp|VerbForm=Inf|Voice=Mid	@ko1985f-words#@ko1985f#851.52#852.79							
534	а	а	CCONJ	_	@ko1985f-words#@ko1985f#852.81#852.955							
535	э	э	INTJ	_	@ko1985f-words#@ko1985f#852.955#853.1							
536	это	это	PART	_	@ko1985f-words#@ko1985f#853.11#853.765							
537	нуу	ну	PART	_	@ko1985f-words#@ko1985f#853.765#854.42							
538	спортом	спорт	NOUN	Animacy=Inan|Case=Ins|Gender=Masc|Number=Sing	@ko1985f-words#@ko1985f#854.42#854.763							
539	вообще	вообще	PART	_	@ko1985f-words#@ko1985f#854.763#855.106							
540	не	не	PART	_	@ko1985f-words#@ko1985f#855.106#855.449							
541	всех	все	PRON	Animacy=Anim|Case=Acc|Number=Plur	@ko1985f-words#@ko1985f#855.449#855.792							
542	заставишь	заставить	VERB	Aspect=Perf|Mood=Ind|Number=Sing|Person=2|Tense=Fut|VerbForm=Fin|Voice=Act	@ko1985f-words#@ko1985f#855.792#856.135							
543	заниматься	заниматься	VERB	Aspect=Imp|VerbForm=Inf|Voice=Mid	@ko1985f-words#@ko1985f#856.135#856.48							
544	тут	тут	ADV	_	@ko1985f-words#@ko1985f#856.48#856.808							
545	он	он	PRON	Case=Nom|Gender=Masc|Number=Sing|Person=3	@ko1985f-words#@ko1985f#856.808#857.136							
546	готов	готовый	ADJ	Degree=Pos|Gender=Masc|Number=Sing|Variant=Short	@ko1985f-words#@ko1985f#857.136#857.464							
547	что-то	что-то	PRON	Case=Acc	@ko1985f-words#@ko1985f#857.464#857.792							
548	делать	делать	VERB	Aspect=Imp|VerbForm=Inf|Voice=Act	@ko1985f-words#@ko1985f#857.792#858.12							
549	физически	физически	ADV	_	@ko1985f-words#@ko1985f#858.12#858.745							
550	активное	активный	ADJ	Case=Acc|Degree=Pos|Gender=Neut|Number=Sing	@ko1985f-words#@ko1985f#858.745#859.37							
551	и	и	CCONJ	_	@ko1985f-words#@ko1985f#859.37#859.686							
552	бежит	бежать	VERB	Aspect=Imp|Mood=Ind|Number=Sing|Person=3|Tense=Pres|VerbForm=Fin|Voice=Act	@ko1985f-words#@ko1985f#859.686#860.002							
553	туда	туда	ADV	_	@ko1985f-words#@ko1985f#860.002#860.32							
554	ну	ну	PART	_	@ko1985f-words#@ko1985f#860.32#860.66							
555	во	вот	PART	_	@ko1985f-words#@ko1985f#860.66#861.0							
556	вот	вот	PART	_	@ko1985f-words#@ko1985f#861.0#861.34							
557	это	это	PART	_	@ko1985f-words#@ko1985f#861.34#861.68							
558	моя	мой	DET	Case=Nom|Gender=Fem|Number=Sing	@ko1985f-words#@ko1985f#861.69#862.093							
559	моя	мой	DET	Case=Nom|Gender=Fem|Number=Sing	@ko1985f-words#@ko1985f#862.093#862.496							
560	задача	задача	NOUN	Animacy=Inan|Case=Nom|Gender=Fem|Number=Sing	@ko1985f-words#@ko1985f#862.496#862.9							
561	аэм	аэм	INTJ	_	@be1987f-words#@be1987f#547.923#548.432							
562	ты	ты	PRON	Case=Nom|Number=Sing|Person=2	@be1987f-words#@be1987f#548.432#548.941							
563	сказала	сказать	VERB	Aspect=Perf|Gender=Fem|Mood=Ind|Number=Sing|Tense=Past|VerbForm=Fin|Voice=Act	@be1987f-words#@be1987f#548.941#549.45							
564	чтоо	что	SCONJ	_	@be1987f-words#@be1987f#549.45#549.96							
565	мм	мм	INTJ	_	@be1987f-words#@be1987f#549.96#550.41							
566	с	с	ADP	_	@be1987f-words#@be1987f#550.41#550.797							
567	матом	мат	NOUN	Animacy=Inan|Case=Ins|Gender=Masc|Number=Sing	@be1987f-words#@be1987f#550.797#551.184							
568	у	у	ADP	_	@be1987f-words#@be1987f#551.184#551.571							
569	вас	вы	PRON	Case=Gen|Number=Plur|Person=2	@be1987f-words#@be1987f#551.571#551.96							
570	вот	вот	PART	_	@be1987f-words#@be1987f#551.96#552.14							
571	мы	мы	PRON	Case=Nom|Number=Plur|Person=1	@be1987f-words#@be1987f#552.14#552.32							
572	это	это	PRON	Animacy=Inan|Case=Acc|Gender=Neut|Number=Sing	@be1987f-words#@be1987f#552.32#552.5							
573	не	не	PART	_	@be1987f-words#@be1987f#552.5#552.68							
574	успели	успеть	VERB	Aspect=Perf|Mood=Ind|Number=Plur|Tense=Past|VerbForm=Fin|Voice=Act	@be1987f-words#@be1987f#552.68#552.86							
575	обсудить	обсудить	VERB	Aspect=Perf|VerbForm=Inf|Voice=Act	@be1987f-words#@be1987f#552.86#553.04							
576	на	на	ADP	_	@be1987f-words#@be1987f#553.04#553.22							
577	камеру	камера	NOUN	Animacy=Inan|Case=Acc|Gender=Fem|Number=Sing	@be1987f-words#@be1987f#553.22#553.4							
578	но	но	CCONJ	_	@be1987f-words#@be1987f#553.4#553.602							
579	мы	мы	PRON	Case=Nom|Number=Plur|Person=1	@be1987f-words#@be1987f#553.602#553.804							
580	это	это	PRON	Animacy=Inan|Case=Acc|Gender=Neut|Number=Sing	@be1987f-words#@be1987f#553.804#554.006							
581	обсудили	обсудить	VERB	Aspect=Perf|Mood=Ind|Number=Plur|Tense=Past|VerbForm=Fin|Voice=Act	@be1987f-words#@be1987f#554.006#554.21							
582	значит	значит	PART	_	@be1987f-words#@be1987f#554.21#554.49							
583	до	до	ADP	_	@be1987f-words#@be1987f#554.495#554.652							
584	этого	это	PRON	Animacy=Inan|Case=Gen|Gender=Neut|Number=Sing	@be1987f-words#@be1987f#554.652#554.81							
585	вот	вот	PART	_	@be1987f-words#@be1987f#554.81#555.16							
586	про	про	ADP	_	@be1987f-words#@be1987f#555.16#555.425							
587	мат	мат	NOUN	Animacy=Inan|Case=Acc|Gender=Masc|Number=Sing	@be1987f-words#@be1987f#555.425#555.69							
588	в	в	ADP	_	@be1987f-words#@be1987f#555.69#556.157							
589	сериалах	сериал	NOUN	Animacy=Inan|Case=Loc|Gender=Masc|Number=Plur	@be1987f-words#@be1987f#556.157#556.625							
590	и	и	CCONJ	_	@be1987f-words#@be1987f#559.42#559.627							
591	вообще	вообще	ADV	_	@be1987f-words#@be1987f#559.627#559.834							
592	про	про	ADP	_	@be1987f-words#@be1987f#559.834#560.041							
593	мат	мат	NOUN	Animacy=Inan|Case=Acc|Gender=Masc|Number=Sing	@be1987f-words#@be1987f#560.041#560.25							
594	ну	ну	PART	_	@be1987f-words#@be1987f#648.31#648.517							
595	мне	я	PRON	Case=Dat|Number=Sing|Person=1	@be1987f-words#@be1987f#648.517#648.724							
596	кажется	казаться	VERB	Aspect=Imp|Mood=Ind|Number=Sing|Person=3|Tense=Pres|VerbForm=Fin|Voice=Mid	@be1987f-words#@be1987f#648.724#648.931							
597	что	что	SCONJ	_	@be1987f-words#@be1987f#648.931#649.138							
598	знаешь	знать	VERB	Aspect=Imp|Mood=Ind|Number=Sing|Person=2|Tense=Pres|VerbForm=Fin|Voice=Mid	@be1987f-words#@be1987f#649.138#649.345							
599	если	если	SCONJ	_	@be1987f-words#@be1987f#649.345#650.035							
600	она	она	PRON	Case=Nom|Gender=Fem|Number=Sing|Person=3	@be1987f-words#@be1987f#650.035#650.725							
601	табуируется	табуироваться	VERB	Aspect=Imp|Mood=Ind|Number=Sing|Person=3|Tense=Pres|VerbForm=Fin|Voice=Mid	@be1987f-words#@be1987f#650.725#651.415							
602	ээ	ээ	INTJ	_	@be1987f-words#@be1987f#651.485#651.725							
603	она	она	PRON	Case=Nom|Gender=Fem|Number=Sing|Person=3	@be1987f-words#@be1987f#651.85#652.217							
604	тут	тут	ADV	_	@be1987f-words#@be1987f#652.217#652.584							
605	же	же	PART	_	@be1987f-words#@be1987f#652.584#652.951							
606	создаёт	создавать	VERB	Aspect=Imp|Mood=Ind|Number=Sing|Person=3|Tense=Pres|VerbForm=Fin|Voice=Act	@be1987f-words#@be1987f#652.951#653.32							
607	э	э	INTJ	_	@be1987f-words#@be1987f#653.39#653.905							
608	просто	просто	PART	_	@be1987f-words#@be1987f#653.905#654.42							
609	нездоровый	нездоровый	ADJ	Case=Acc|Degree=Pos|Gender=Masc|Number=Sing	@be1987f-words#@be1987f#654.42#654.935							
610	интерес	интерес	NOUN	Animacy=Inan|Case=Acc|Gender=Masc|Number=Sing	@be1987f-words#@be1987f#654.935#655.45							
611	и	и	CCONJ	_	@be1987f-words#@be1987f#655.475#655.785							
612	желание	желание	NOUN	Animacy=Inan|Case=Acc|Gender=Neut|Number=Sing	@be1987f-words#@be1987f#655.785#656.095							
613	вот	вот	PART	_	@be1987f-words#@be1987f#656.92#657.21							
614	это	этот	PART	_	@be1987f-words#@be1987f#657.21#657.5							
615	вот	вот	PART	_	@be1987f-words#@be1987f#657.5#657.79							
616	типа	типа	PART	_	@be1987f-words#@be1987f#657.79#658.08							
617	ааа	аа	INTJ	_	@be1987f-words#@be1987f#658.08#658.37							
618	я	я	PRON	Case=Nom|Number=Sing|Person=1	@be1987f-words#@be1987f#658.37#658.601							
619	потому	потому	SCONJ	_	@be1987f-words#@be1987f#658.601#658.832							
620	что	что	SCONJ	_	@be1987f-words#@be1987f#658.832#659.063							
621	тоже	тоже	CCONJ	_	@be1987f-words#@be1987f#659.063#659.294							
622	помню	помнить	VERB	Aspect=Imp|Mood=Ind|Number=Sing|Person=1|Tense=Pres|VerbForm=Fin|Voice=Act	@be1987f-words#@be1987f#659.294#659.525							
623	что	что	SCONJ	_	@be1987f-words#@be1987f#659.525#659.756							
624	у	у	ADP	_	@be1987f-words#@be1987f#659.756#659.987							
625	меня	я	PRON	Case=Gen|Number=Sing|Person=1	@be1987f-words#@be1987f#659.987#660.218							
626	папа	папа	NOUN	Animacy=Anim|Case=Nom|Gender=Masc|Number=Sing	@be1987f-words#@be1987f#660.218#660.449							
627	никогда	никогда	ADV	_	@be1987f-words#@be1987f#660.449#660.68							
628	не	не	PART	_	@be1987f-words#@be1987f#660.68#660.911							
629	ээ	ээ	INTJ	_	@be1987f-words#@be1987f#660.911#661.15							
630	стеснялся	стесняться	VERB	Aspect=Imp|Gender=Masc|Mood=Ind|Number=Sing|Tense=Past|VerbForm=Fin|Voice=Mid	@be1987f-words#@be1987f#661.165#661.579							
631	при	при	ADP	_	@be1987f-words#@be1987f#661.579#661.993							
632	мне	я	PRON	Case=Dat|Number=Sing|Person=1	@be1987f-words#@be1987f#661.993#662.407							
633	там	там	ADV	_	@be1987f-words#@be1987f#662.407#662.821							
634	материться	материться	VERB	Aspect=Imp|VerbForm=Inf|Voice=Mid	@be1987f-words#@be1987f#662.821#663.235							
635	ии	и	CCONJ	_	@be1987f-words#@be1987f#663.59#664.15							
636	яя	я	PRON	Case=Nom|Number=Sing|Person=1	@be1987f-words#@be1987f#664.15#665.21							
637	ну	ну	PART	_	@be1987f-words#@be1987f#665.21#665.543							
638	то	то	PART	_	@be1987f-words#@be1987f#665.543#665.876							
639	есть	быть	PART	_	@be1987f-words#@be1987f#665.876#666.21							
640	я	я	PRON	Case=Nom|Number=Sing|Person=1	@be1987f-words#@be1987f#666.21#666.505							
641	мне	я	PRON	Case=Dat|Number=Sing|Person=1	@be1987f-words#@be1987f#666.505#666.8							
642	кажется	казаться	VERB	Aspect=Imp|Mood=Ind|Number=Sing|Person=3|Tense=Pres|VerbForm=Fin|Voice=Mid	@be1987f-words#@be1987f#666.8#667.095							
643	классе	класс	NOUN	Animacy=Inan|Case=Loc|Gender=Masc|Number=Sing	@be1987f-words#@be1987f#667.095#667.39							
644	в	в	ADP	_	@be1987f-words#@be1987f#667.39#667.685							
645	шестом	шестой	NUM	Case=Loc|Degree=Pos|Gender=Masc|Number=Sing	@be1987f-words#@be1987f#667.685#667.98							
646	в	в	ADP	_	@be1987f-words#@be1987f#667.98#668.51							
647	седьмом	седьмой	NUM	Case=Loc|Degree=Pos|Gender=Masc|Number=Sing	@be1987f-words#@be1987f#668.51#669.04							
648	где-то	где-то	ADV	_	@be1987f-words#@be1987f#669.04#669.461							
649	на	на	ADP	_	@be1987f-words#@be1987f#669.461#669.882							
650	отдыхе	отдых	NOUN	Animacy=Inan|Case=Loc|Gender=Masc|Number=Sing	@be1987f-words#@be1987f#669.882#670.305							
651	эм	эм	INTJ	_	@be1987f-words#@be1987f#670.31#671.13							
652	узнала	узнать	VERB	Aspect=Perf|Gender=Fem|Mood=Ind|Number=Sing|Tense=Past|VerbForm=Fin|Voice=Act	@be1987f-words#@be1987f#671.135#671.476							
653	все	весь	DET	Case=Acc|Number=Plur	@be1987f-words#@be1987f#671.476#671.817							
654	матерные	матерный	ADJ	Animacy=Inan|Case=Acc|Degree=Pos|Number=Plur	@be1987f-words#@be1987f#671.817#672.158							
655	слова	слово	NOUN	Animacy=Inan|Case=Acc|Gender=Neut|Number=Plur	@be1987f-words#@be1987f#672.158#672.499							
656	с	с	ADP	_	@be1987f-words#@be1987f#672.499#672.84							
657	ну	ну	PART	_	@be1987f-words#@be1987f#672.84#673.186							
658	у	у	ADP	_	@be1987f-words#@be1987f#673.186#673.532							
659	девочек	девочка	NOUN	Animacy=Anim|Case=Gen|Gender=Fem|Number=Plur	@be1987f-words#@be1987f#673.532#673.878							
660	каких-то	какой-то	DET	Case=Gen|Number=Plur	@be1987f-words#@be1987f#673.878#674.224							
661	спросила	спросить	VERB	Aspect=Perf|Gender=Fem|Mood=Ind|Number=Sing|Tense=Past|VerbForm=Fin|Voice=Act	@be1987f-words#@be1987f#674.224#674.57							
662	чё	что	SCONJ	_	@be1987f-words#@be1987f#674.57#674.775							
663	они	они	PRON	Case=Nom|Number=Plur|Person=3	@be1987f-words#@be1987f#674.775#674.98							
664	значат	значить	VERB	Aspect=Imp|Mood=Ind|Number=Plur|Person=3|Tense=Pres|VerbForm=Fin|Voice=Act	@be1987f-words#@be1987f#674.98#675.185							
665	до	до	ADP	_	@be1987f-words#@be1987f#675.185#675.462							
666	этого	это	PRON	Animacy=Inan|Case=Gen|Gender=Neut|Number=Sing	@be1987f-words#@be1987f#675.462#675.739							
667	мне	я	PRON	Case=Dat|Number=Sing|Person=1	@be1987f-words#@be1987f#675.739#676.016							
668	было	быть	AUX	Aspect=Imp|Gender=Neut|Mood=Ind|Number=Sing|Tense=Past|VerbForm=Fin|Voice=Act	@be1987f-words#@be1987f#676.016#676.293							
669	просто	просто	PART	_	@be1987f-words#@be1987f#676.293#676.57							
670	ну	ну	PART	_	@be1987f-words#@be1987f#676.57#676.847							
671	не	не	PART	_	@be1987f-words#@be1987f#676.847#677.124							
672	очень	очень	ADV	_	@be1987f-words#@be1987f#677.124#677.401							
673	интересно	интересно	ADV	Degree=Pos	@be1987f-words#@be1987f#677.401#677.685							
674	аэ	аэ	INTJ	_	@be1987f-words#@be1987f#678.96#679.29							
675	скажи	сказать	VERB	Aspect=Perf|Mood=Imp|Number=Sing	@be1987f-words#@be1987f#679.29#679.656							
676	кстати	кстати	PART	_	@be1987f-words#@be1987f#679.656#680.022							
677	вот	вот	PART	_	@be1987f-words#@be1987f#680.022#680.39							
678	контент	контент	NOUN	Animacy=Inan|Case=Acc|Gender=Masc|Number=Sing	@be1987f-words#@be1987f#680.395#681.045							
679	который	который	SCONJ	_	@be1987f-words#@be1987f#681.045#681.501							
680	можно	можно	ADV	_	@be1987f-words#@be1987f#681.501#681.957							
681	смотреть	смотреть	VERB	Aspect=Imp|VerbForm=Inf|Voice=Act	@be1987f-words#@be1987f#681.957#682.413							
682	ребёнку	ребёнок	NOUN	Animacy=Anim|Case=Dat|Gender=Masc|Number=Sing	@be1987f-words#@be1987f#682.413#682.87							
683	э	э	INTJ	_	@be1987f-words#@be1987f#682.87#683.32							
684	как	как	SCONJ	_	@be1987f-words#@be1987f#683.32#683.675							
685	ты	ты	PRON	Case=Nom|Number=Sing|Person=2	@be1987f-words#@be1987f#683.675#684.03							
686	там	там	ADV	_	@be1987f-words#@be1987f#684.03#684.385							
687	это	это	PRON	Animacy=Inan|Case=Acc|Gender=Neut|Number=Sing	@be1987f-words#@be1987f#684.385#684.74							
688	определяешь	определять	VERB	Aspect=Imp|Mood=Ind|Number=Sing|Person=2|Tense=Pres|VerbForm=Fin|Voice=Act	@be1987f-words#@be1987f#684.74#685.095							
689	ээ	ээ	INTJ	_	@be1987f-words#@be1987f#685.46#686.21							
690	сложные	сложный	ADJ	Animacy=Inan|Case=Acc|Degree=Pos|Number=Plur	@be1987f-words#@be1987f#686.22#686.68							
691	темы	тема	NOUN	Animacy=Inan|Case=Acc|Gender=Fem|Number=Plur	@be1987f-words#@be1987f#686.68#687.14							
692	какие-то	какой-то	DET	Case=Acc|Number=Plur	@be1987f-words#@be1987f#687.14#687.6							
693	ну	ну	PART	_	@be1987f-words#@be1987f#687.6#687.81							
694	вот	вот	PART	_	@be1987f-words#@be1987f#687.81#688.02							
695	те	тот	DET	Case=Acc|Number=Plur	@be1987f-words#@be1987f#688.02#688.23							
696	же	же	PART	_	@be1987f-words#@be1987f#688.23#688.44							
697	какие-то	какой-то	DET	Case=Acc|Number=Plur	@be1987f-words#@be1987f#688.44#688.65							
698	там	там	ADV	_	@be1987f-words#@be1987f#688.65#688.86							
699	гомосексуальные	гомосексуальный	ADJ	Animacy=Inan|Case=Acc|Degree=Pos|Number=Plur	@be1987f-words#@be1987f#688.87#689.7							
700	истории	история	NOUN	Animacy=Inan|Case=Acc|Gender=Fem|Number=Plur	@be1987f-words#@be1987f#689.7#690.53							
701	секс	секс	NOUN	Animacy=Inan|Case=Acc|Gender=Masc|Number=Sing	@be1987f-words#@be1987f#690.53#691.52							
702	наркотики	наркотик	NOUN	Animacy=Inan|Case=Acc|Gender=Masc|Number=Plur	@be1987f-words#@be1987f#691.52#692.565							
703	#смеётся#	#смеётся#	VERB	_	@be1987f-words#@be1987f#729.73#730.22							
704	мне	я	PRON	Case=Dat|Number=Sing|Person=1	@be1987f-words#@be1987f#749.61#750.015							
705	кажется	казаться	VERB	Aspect=Imp|Mood=Ind|Number=Sing|Person=3|Tense=Pres|VerbForm=Fin|Voice=Mid	@be1987f-words#@be1987f#750.015#750.42							
706	это	это	PART	_	@be1987f-words#@be1987f#750.42#750.825							
707	ну	ну	PART	_	@be1987f-words#@be1987f#750.825#751.23							
708	не	не	PART	_	@be1987f-words#@be1987f#751.24#751.536							
709	хочется	хотеться	VERB	Aspect=Imp|Mood=Ind|Number=Sing|Person=3|Tense=Pres|VerbForm=Fin|Voice=Mid	@be1987f-words#@be1987f#751.536#751.832							
710	смореть	смореть	VERB	Aspect=Imp|VerbForm=Inf|Voice=Act	@be1987f-words#@be1987f#751.832#752.128							
711	там	там	ADV	_	@be1987f-words#@be1987f#752.128#752.424							
712	правильно	правильно	ADV	Degree=Pos	@be1987f-words#@be1987f#752.424#752.72							
713	там	там	ADV	_	@be1987f-words#@be1987f#752.72#753.016							
714	или	или	CCONJ	_	@be1987f-words#@be1987f#753.016#753.312							
715	неправильно	неправильно	ADV	Degree=Pos	@be1987f-words#@be1987f#753.312#753.61							
716	но	но	CCONJ	_	@be1987f-words#@be1987f#753.65#753.855							
717	мне	я	PRON	Case=Dat|Number=Sing|Person=1	@be1987f-words#@be1987f#753.855#754.06							
718	кажется	казаться	VERB	Aspect=Imp|Mood=Ind|Number=Sing|Person=3|Tense=Pres|VerbForm=Fin|Voice=Mid	@be1987f-words#@be1987f#754.06#754.265							
719	что	что	SCONJ	_	@be1987f-words#@be1987f#754.265#754.47							
720	это	это	PART	_	@be1987f-words#@be1987f#754.47#754.675							
721	здорово	здорово	ADV	Degree=Pos	@be1987f-words#@be1987f#754.675#754.88							
722	что	что	SCONJ	_	@be1987f-words#@be1987f#754.88#755.09							
723	э	э	INTJ	_	@be1987f-words#@be1987f#755.52#756.07							
724	ты	ты	PRON	Case=Nom|Number=Sing|Person=2	@be1987f-words#@be1987f#756.095#756.426							
725	даёшь	давать	VERB	Aspect=Imp|Mood=Ind|Number=Sing|Person=2|Tense=Pres|VerbForm=Fin|Voice=Act	@be1987f-words#@be1987f#756.426#756.757							
726	ему	он	PRON	Case=Dat|Gender=Masc|Number=Sing|Person=3	@be1987f-words#@be1987f#756.757#757.088							
727	пространство	пространство	NOUN	Animacy=Inan|Case=Acc|Gender=Neut|Number=Sing	@be1987f-words#@be1987f#757.088#757.419							
728	какое-то	какой-то	DET	Case=Acc|Gender=Neut|Number=Sing	@be1987f-words#@be1987f#757.419#757.75							
729	своё	свой	DET	Case=Acc|Gender=Neut|Number=Sing	@be1987f-words#@be1987f#757.75#758.085							
730	ну	ну	PART	_	@be1987f-words#@be1987f#758.09#758.317							
731	оно	оно	PRON	Case=Nom|Gender=Neut|Number=Sing|Person=3	@be1987f-words#@be1987f#758.317#758.544							
732	должно	должен	ADJ	Degree=Pos|Gender=Neut|Number=Sing|Variant=Short	@be1987f-words#@be1987f#758.544#758.771							
733	быть	быть	AUX	Aspect=Imp|VerbForm=Inf|Voice=Act	@be1987f-words#@be1987f#758.771#758.998							
734	но	но	CCONJ	_	@be1987f-words#@be1987f#758.998#759.225							
735	полтора	полтора	NUM	Case=Acc|Gender=Masc	@be1987f-words#@be1987f#759.225#759.452							
736	часа	час	NOUN	Animacy=Inan|Case=Gen|Gender=Masc|Number=Sing	@be1987f-words#@be1987f#759.452#759.68							
737	это	это	PART	_	@be1987f-words#@be1987f#759.68#759.895							
738	не	не	PART	_	@be1987f-words#@be1987f#759.895#760.11							
739	так	так	ADV	Degree=Pos	@be1987f-words#@be1987f#760.11#760.325							
740	много	много	ADV	Degree=Pos	@be1987f-words#@be1987f#760.325#760.54							
741	хотя	хотя	SCONJ	_	@be1987f-words#@be1987f#760.54#761.015							
742	конечно	конечно	ADV	_	@be1987f-words#@be1987f#761.015#761.49							
743	ну	ну	PART	_	@be1987f-words#@be1987f#766.57#766.752							
744	я	я	PRON	Case=Nom|Number=Sing|Person=1	@be1987f-words#@be1987f#766.752#766.934							
745	не	не	PART	_	@be1987f-words#@be1987f#766.934#767.116							
746	знаю	знать	VERB	Aspect=Imp|Mood=Ind|Number=Sing|Person=1|Tense=Pres|VerbForm=Fin|Voice=Act	@be1987f-words#@be1987f#767.116#767.298							
747	я	я	PRON	Case=Nom|Number=Sing|Person=1	@be1987f-words#@be1987f#767.298#767.48							
748	ты	ты	PRON	Case=Nom|Number=Sing|Person=2	@be1987f-words#@be1987f#767.49#767.651							
749	знаешь	знать	VERB	Aspect=Imp|Mood=Ind|Number=Sing|Person=2|Tense=Pres|VerbForm=Fin|Voice=Act	@be1987f-words#@be1987f#767.651#767.812							
750	вот	вот	PART	_	@be1987f-words#@be1987f#767.812#767.973							
751	честно	честно	PART	Degree=Pos	@be1987f-words#@be1987f#767.973#768.134							
752	могу	мочь	VERB	Aspect=Imp|Mood=Ind|Number=Sing|Person=1|Tense=Pres|VerbForm=Fin|Voice=Act	@be1987f-words#@be1987f#768.134#768.295							
753	те	тебе	PRON	Case=Acc|Number=Sing	@be1987f-words#@be1987f#768.295#768.456							
754	сказать	сказать	VERB	Aspect=Perf|VerbForm=Inf|Voice=Act	@be1987f-words#@be1987f#768.456#768.62							
755	я	я	PRON	Case=Nom|Number=Sing|Person=1	@be1987f-words#@be1987f#768.64#769.014							
756	вчера	вчера	ADV	Degree=Pos	@be1987f-words#@be1987f#769.014#769.388							
757	прочитала	прочитать	VERB	Aspect=Perf|Gender=Fem|Mood=Ind|Number=Sing|Tense=Past|VerbForm=Fin|Voice=Act	@be1987f-words#@be1987f#769.388#769.762							
758	какой-то	какой-то	DET	Case=Acc|Gender=Masc|Number=Sing	@be1987f-words#@be1987f#769.762#770.136							
759	материал	материал	NOUN	Animacy=Inan|Case=Acc|Gender=Masc|Number=Sing	@be1987f-words#@be1987f#770.136#770.51							
760	про	про	ADP	_	@be1987f-words#@be1987f#770.51#770.884							
761	педофилов	педофил	NOUN	Animacy=Anim|Case=Gen|Gender=Masc|Number=Plur	@be1987f-words#@be1987f#770.884#771.26							
762	а	а	CCONJ	_	@be1987f-words#@be1987f#771.86#772.375							
763	ии	и	CCONJ	_	@be1987f-words#@be1987f#772.375#772.89							
764	там	там	ADV	Degree=Pos	@be1987f-words#@be1987f#772.92#773.595							
765	довольноо	довольно	ADV	Degree=Pos	@be1987f-words#@be1987f#773.595#774.27							
766	ээ	ээ	INTJ	_	@be1987f-words#@be1987f#774.68#775.98							
767	хороший	хороший	ADJ	Animacy=Inan|Case=Acc|Degree=Pos|Gender=Masc|Number=Sing	@be1987f-words#@be1987f#776.01#776.495							
768	материал	материал	NOUN	Animacy=Inan|Case=Acc|Gender=Masc|Number=Sing	@be1987f-words#@be1987f#776.495#776.98							
769	по-моему	по-моему	ADV	Degree=Pos	@be1987f-words#@be1987f#776.98#777.216							
770	то	то	CCONJ	_	@be1987f-words#@be1987f#777.216#777.452							
771	ли	ли	CCONJ	_	@be1987f-words#@be1987f#777.452#777.688							
772	на	на	ADP	_	@be1987f-words#@be1987f#777.688#777.924							
773	меле	мел	NOUN	Animacy=Inan|Case=Loc|Gender=Masc|Number=Sing	@be1987f-words#@be1987f#777.924#778.16							
774	то	то	CCONJ	_	@be1987f-words#@be1987f#778.16#778.396							
775	ли	ли	CCONJ	_	@be1987f-words#@be1987f#778.396#778.632							
776	на	на	ADP	_	@be1987f-words#@be1987f#778.632#778.868							
777	чипсе	чипса	NOUN	Animacy=Inan|Case=Loc|Gender=Fem|Number=Sing	@be1987f-words#@be1987f#778.868#779.11							
778	тип	тип	PART	_	@be1987f-words#@be1987f#779.11#779.414							
779	в	в	ADP	_	@be1987f-words#@be1987f#779.414#779.718							
780	каком-то	какой-то	DET	Case=Loc|Gender=Masc|Number=Sing	@be1987f-words#@be1987f#779.718#780.022							
781	уважаемом	уважать	VERB	Aspect=Imp|Case=Loc|Gender=Neut|Number=Sing|Tense=Pres|VerbForm=Part|Voice=Pass	@be1987f-words#@be1987f#780.022#780.326							
782	себя	себя	PRON	Case=Acc	@be1987f-words#@be1987f#780.326#780.63							
783	уважаемом	уважать	VERB	Aspect=Imp|Case=Loc|Gender=Neut|Number=Sing|Tense=Pres|VerbForm=Part|Voice=Pass	@be1987f-words#@be1987f#780.64#781.425							
784	издании	издание	NOUN	Animacy=Inan|Case=Loc|Gender=Neut|Number=Sing	@be1987f-words#@be1987f#781.425#782.21							
785	э	э	INTJ	_	@be1987f-words#@be1987f#782.3#782.7							
786	и	и	CCONJ	_	@be1987f-words#@be1987f#782.72#783.1							
787	там	там	ADV	_	@be1987f-words#@be1987f#783.1#783.48							
788	ээ	ээ	INTJ	_	@be1987f-words#@be1987f#783.48#783.86							
789	девушка	девушка	NOUN	Animacy=Anim|Case=Nom|Gender=Fem|Number=Sing	@be1987f-words#@be1987f#783.87#784.73							
790	сделала	сделать	VERB	Aspect=Perf|Gender=Fem|Mood=Ind|Number=Sing|Tense=Past|VerbForm=Fin|Voice=Act	@be1987f-words#@be1987f#784.73#785.59							
791	самостоятельное	самостоятельный	ADJ	Case=Acc|Degree=Pos|Gender=Neut|Number=Sing	@be1987f-words#@be1987f#785.59#786.41							
792	такое	такой	DET	Case=Acc|Gender=Neut|Number=Sing	@be1987f-words#@be1987f#786.41#787.23							
793	исследование	исследование	NOUN	Animacy=Inan|Case=Acc|Gender=Neut|Number=Sing	@be1987f-words#@be1987f#787.23#788.07							
794	где	где	ADV	_	@be1987f-words#@be1987f#788.07#788.411							
795	она	она	PRON	Case=Nom|Gender=Fem|Number=Sing|Person=3	@be1987f-words#@be1987f#788.411#788.752							
796	рассказала	рассказать	VERB	Aspect=Perf|Gender=Fem|Mood=Ind|Number=Sing|Tense=Past|VerbForm=Fin|Voice=Act	@be1987f-words#@be1987f#788.752#789.093							
797	кто	кто	CCONJ	_	@be1987f-words#@be1987f#789.093#789.434							
798	они	они	PRON	Case=Nom|Number=Plur|Person=3	@be1987f-words#@be1987f#789.434#789.775							
799	откуда	откуда	CCONJ	_	@be1987f-words#@be1987f#789.775#790.116							
800	они	они	PRON	Case=Nom|Number=Plur|Person=3	@be1987f-words#@be1987f#790.116#790.457							
801	берутся	браться	VERB	Aspect=Imp|Mood=Ind|Number=Plur|Person=3|Tense=Pres|VerbForm=Fin|Voice=Mid	@be1987f-words#@be1987f#790.457#790.8							
802	э	э	INTJ	_	@be1987f-words#@be1987f#790.8#791.3							
803	что	что	SCONJ	_	@be1987f-words#@be1987f#791.3#791.542							
804	это	это	PRON	Animacy=Inan|Case=Nom|Gender=Neut|Number=Sing	@be1987f-words#@be1987f#791.542#791.784							
805	часто	часто	ADV	Degree=Pos	@be1987f-words#@be1987f#791.784#792.026							
806	там	там	ADV	Degree=Pos	@be1987f-words#@be1987f#792.026#792.268							
807	кто-то	кто-то	PRON	Case=Nom	@be1987f-words#@be1987f#792.268#792.51							
808	из	из	ADP	_	@be1987f-words#@be1987f#792.51#793.0							
809	ээ	ээ	INTJ	_	@be1987f-words#@be1987f#793.0#793.49							
810	вообще	вообще	ADV	Degree=Pos	@be1987f-words#@be1987f#793.49#793.89							
811	родственников	родственник	NOUN	Animacy=Anim|Case=Gen|Gender=Masc|Number=Plur	@be1987f-words#@be1987f#793.89#794.29							
812	или	или	CCONJ	_	@be1987f-words#@be1987f#794.29#794.69							
813	знакомых	знакомый	NOUN	Animacy=Anim|Case=Gen|Gender=Masc|Number=Plur	@be1987f-words#@be1987f#794.69#795.09							
814	поэтому	поэтому	ADV	Degree=Pos	@be1987f-words#@be1987f#795.58#795.86							
815	мне	я	PRON	Case=Dat|Number=Sing|Person=1	@be1987f-words#@be1987f#795.86#796.14							
816	кажется	казаться	VERB	Aspect=Imp|Mood=Ind|Number=Sing|Person=3|Tense=Pres|VerbForm=Fin|Voice=Mid	@be1987f-words#@be1987f#796.14#796.42							
817	что	что	SCONJ	_	@be1987f-words#@be1987f#796.42#796.647							
818	мы	мы	PRON	Case=Nom|Number=Plur|Person=1	@be1987f-words#@be1987f#796.647#796.874							
819	когда	когда	SCONJ	_	@be1987f-words#@be1987f#796.874#797.101							
820	говорим	говорить	VERB	Aspect=Imp|Mood=Ind|Number=Plur|Person=1|Tense=Pres|VerbForm=Fin|Voice=Act	@be1987f-words#@be1987f#797.101#797.328							
821	о	о	ADP	_	@be1987f-words#@be1987f#797.328#797.555							
822	том	то	PRON	Animacy=Inan|Case=Loc|Gender=Neut|Number=Sing	@be1987f-words#@be1987f#797.555#797.782							
823	что	что	SCONJ	_	@be1987f-words#@be1987f#797.782#798.009							
824	там	там	ADV	Degree=Pos	@be1987f-words#@be1987f#798.009#798.236							
825	в	в	ADP	_	@be1987f-words#@be1987f#798.236#798.463							
826	интернете	интернет	NOUN	Animacy=Inan|Case=Loc|Gender=Masc|Number=Sing	@be1987f-words#@be1987f#798.463#798.69							
827	там	там	ADV	Degree=Pos	@be1987f-words#@be1987f#798.69#798.92							
828	так	так	ADV	Degree=Pos	@be1987f-words#@be1987f#798.925#799.247							
829	много	много	ADV	Degree=Pos	@be1987f-words#@be1987f#799.247#799.569							
830	всего	все	PRON	Animacy=Inan|Case=Gen|Gender=Neut|Number=Sing	@be1987f-words#@be1987f#799.569#799.891							
831	плохого	плохой	ADJ	Case=Gen|Degree=Pos|Gender=Neut|Number=Sing	@be1987f-words#@be1987f#799.891#800.215							
832	ну	ну	PART	_	@be1987f-words#@be1987f#800.83#801.197							
833	всего	всё	NOUN	Case=Gen|Gender=Neut	@be1987f-words#@be1987f#801.197#801.564							
834	плохого	плохой	ADJ	Case=Gen|Degree=Pos|Gender=Masc|Number=Sing	@be1987f-words#@be1987f#801.564#801.931							
835	много	много	ADV	Degree=Pos	@be1987f-words#@be1987f#801.931#802.3							
836	ну	ну	PART	_	@be1987f-words#@be1987f#802.97#803.264							
837	не	не	PART	_	@be1987f-words#@be1987f#803.264#803.558							
838	только	только	PART	_	@be1987f-words#@be1987f#803.558#803.852							
839	в	в	ADP	_	@be1987f-words#@be1987f#803.852#804.146							
840	интернете	интернет	NOUN	Animacy=Inan|Case=Loc|Gender=Masc|Number=Sing	@be1987f-words#@be1987f#804.146#804.44							
841	поэтому	поэтому	ADV	Degree=Pos	@be1987f-words#@be1987f#804.45#804.842							
842	не	не	PART	_	@be1987f-words#@be1987f#804.842#805.234							
843	знаю	знать	VERB	Aspect=Imp|Mood=Ind|Number=Sing|Person=1|Tense=Pres|VerbForm=Fin|Voice=Act	@be1987f-words#@be1987f#805.234#805.626							
844	мне	я	PRON	Case=Dat|Number=Sing|Person=1	@be1987f-words#@be1987f#805.626#806.018							
845	кажетсяя	казаться	VERB	Aspect=Imp|Mood=Ind|Number=Sing|Person=3|Tense=Pres|VerbForm=Fin|Voice=Mid	@be1987f-words#@be1987f#806.018#806.41							
846	мне	я	PRON	Case=Dat|Number=Sing|Person=1	@be1987f-words#@be1987f#806.97#807.357							
847	кажется	казаться	VERB	Aspect=Imp|Mood=Ind|Number=Sing|Person=3|Tense=Pres|VerbForm=Fin|Voice=Mid	@be1987f-words#@be1987f#807.357#807.744							
848	что	что	SCONJ	_	@be1987f-words#@be1987f#807.744#808.131							
849	еслии	если	SCONJ	_	@be1987f-words#@be1987f#808.131#808.52							
850	человек	человек	NOUN	Animacy=Anim|Case=Nom|Gender=Masc|Number=Sing	@be1987f-words#@be1987f#808.53#808.922							
851	не	не	PART	_	@be1987f-words#@be1987f#808.922#809.314							
852	ищет	искать	VERB	Aspect=Imp|Mood=Ind|Number=Sing|Person=3|Tense=Pres|VerbForm=Fin|Voice=Act	@be1987f-words#@be1987f#809.314#809.706							
853	какого-то	какой-то	DET	Case=Gen|Gender=Masc|Number=Sing	@be1987f-words#@be1987f#809.706#810.098							
854	там	там	ADV	Degree=Pos	@be1987f-words#@be1987f#810.098#810.49							
